source,target,weight_pixel_length,segments
1,5,6,1
2,7,9,1
3,15,16,1
4,6,3,1
5,6,8,1
5,7,5,1
6,12,13,1
7,11,4,1
8,12,8,1
9,15,7,1
10,13,3,1
11,15,23,1
11,17,9,1
12,13,7,1
12,30,18,1
13,16,9,1
14,22,14,1
15,31,14,1
15,32,17,1
16,26,14,1
16,38,15,1
17,18,7,1
17,23,5,1
19,21,3,1
20,27,5,1
21,24,4,1
21,26,6,1
22,30,5,1
22,25,4,1
23,27,11,1
23,41,10,1
26,35,8,1
26,34,4,1
26,40,4,1
27,31,8,1
28,33,3,1
29,33,3,1
30,36,3,1
31,58,18,1
32,37,4,1
32,49,12,1
33,48,11,1
36,41,16,1
36,38,10,1
36,44,4,1
38,46,9,1
39,53,11,1
40,46,12,1
40,48,10,1
40,50,7,1
41,73,25,1
42,73,23,1
43,45,5,1
44,52,7,1
44,51,6,1
45,47,4,1
45,48,5,1
46,66,15,1
48,63,13,1
48,59,4,1
49,58,14,1
49,53,8,1
52,55,6,1
52,57,3,1
53,62,7,1
54,57,3,1
56,61,6,1
57,64,5,1
58,73,12,1
59,72,14,1
59,70,10,1
60,77,17,1
61,74,16,1
61,72,7,1
62,65,7,1
62,78,11,1
63,67,4,1
63,66,13,1
64,66,11,1
64,82,13,1
66,69,8,1
66,91,15,1
68,70,4,1
70,81,7,1
71,74,8,1
72,92,13,1
73,77,5,1
73,79,4,1
74,76,6,1
74,83,16,1
74,86,4,1
75,83,5,1
77,88,14,1
78,80,6,1
78,85,18,1
78,94,8,1
79,121,19,1
79,85,4,1
80,84,17,1
80,98,11,1
81,93,15,1
81,97,9,1
82,90,10,1
82,88,7,1
83,102,11,1
85,114,14,1
86,112,13,1
86,96,6,1
87,90,3,1
88,120,16,1
89,99,8,1
90,100,6,1
91,97,10,1
91,100,12,1
92,96,10,1
92,93,7,1
92,129,15,1
93,109,7,1
95,99,4,1
96,132,17,1
97,105,7,1
97,110,3,1
98,99,5,1
98,141,16,1
99,106,5,1
99,122,7,1
100,103,3,1
100,111,4,1
100,119,3,1
101,116,6,1
102,108,4,1
102,112,19,1
104,126,13,1
104,113,3,1
107,120,6,1
108,116,10,1
108,143,14,1
110,126,5,1
112,148,14,1
114,117,5,1
114,160,17,1
115,159,19,1
116,124,8,1
116,128,6,1
118,124,4,1
119,138,12,1
119,125,6,1
120,127,4,1
121,130,6,1
121,123,3,1
122,131,5,1
124,152,12,1
125,139,7,1
126,133,3,1
126,138,12,1
127,130,18,1
127,139,5,1
129,137,5,1
129,161,12,1
130,154,9,1
131,169,20,1
131,147,6,1
132,136,7,1
132,137,6,1
133,146,5,1
133,142,4,1
134,140,3,1
134,154,5,1
135,144,4,1
136,148,3,1
137,145,3,1
138,167,11,1
139,163,9,1
141,149,4,1
141,155,9,1
143,187,13,1
143,144,8,1
144,176,10,1
146,162,8,1
146,153,6,1
147,155,4,1
147,156,6,1
148,176,9,1
149,160,15,1
150,170,7,1
151,158,3,1
152,159,14,1
152,173,6,1
153,198,12,1
154,168,4,1
155,221,20,1
157,167,4,1
158,164,3,1
158,183,7,1
159,175,3,1
159,203,10,1
160,177,4,1
161,162,3,1
161,188,7,1
162,171,4,1
163,167,15,1
163,189,8,1
165,172,4,1
166,187,11,1
167,207,9,1
168,183,5,1
168,184,8,1
169,195,9,1
169,179,8,1
170,175,11,1
170,172,11,1
172,186,6,1
173,182,3,1
173,174,3,1
173,211,10,1
175,223,13,1
176,201,6,1
177,184,7,1
177,220,12,1
178,215,14,1
179,180,5,1
179,235,15,1
181,186,7,1
183,193,3,1
183,190,4,1
184,194,4,1
185,192,3,1
186,200,3,1
187,218,9,1
188,202,18,1
188,198,22,1
188,263,24,1
188,233,8,1
189,193,15,1
189,234,11,1
189,214,7,1
191,215,9,1
192,206,10,1
192,202,3,1
193,253,16,1
194,208,4,1
195,221,10,1
196,213,7,1
197,203,3,1
198,207,6,1
199,216,7,1
200,232,9,1
200,217,15,1
201,226,9,1
201,206,4,1
202,204,4,1
203,237,10,1
205,209,3,1
206,274,19,1
207,224,10,1
207,257,12,1
209,231,6,1
209,213,4,1
210,232,6,1
211,237,6,1
211,218,13,1
212,219,3,1
213,248,9,1
215,221,3,1
215,242,4,1
216,235,9,1
216,246,16,1
218,226,15,1
218,255,7,1
219,224,3,1
219,234,6,1
220,228,12,1
220,241,6,1
221,238,13,1
222,231,5,1
223,289,18,1
223,249,6,1
224,240,4,1
225,243,5,1
226,285,14,1
227,233,3,1
228,256,6,1
229,238,3,1
230,238,3,1
231,239,4,1
231,254,6,1
232,244,4,1
233,269,10,1
234,252,6,1
234,251,5,1
234,277,7,1
235,238,8,1
235,292,12,1
236,247,4,1
237,260,7,1
241,242,11,1
241,245,13,1
241,306,14,1
242,338,21,1
243,246,13,1
243,265,10,1
244,248,9,1
244,250,3,1
246,287,9,1
247,284,11,1
247,254,7,1
248,259,3,1
249,273,14,1
249,268,4,1
250,289,16,1
250,267,5,1
253,264,4,1
253,256,6,1
254,272,4,1
255,261,3,1
255,311,9,1
255,323,12,1
256,262,6,1
256,282,5,1
257,263,5,1
257,281,4,1
258,271,6,1
259,272,16,1
259,342,16,1
260,273,6,1
260,304,11,1
263,299,13,1
263,296,4,1
264,271,3,1
264,297,6,1
265,266,3,1
265,346,15,1
266,279,11,1
269,280,6,1
269,313,10,1
270,277,6,1
270,271,11,1
272,321,10,1
273,322,11,1
274,280,4,1
274,305,5,1
275,286,3,1
276,277,4,1
277,300,5,1
277,336,9,1
278,317,11,1
278,283,3,1
279,302,5,1
280,295,3,1
281,286,4,1
281,290,5,1
284,310,6,1
284,293,7,1
285,324,11,1
285,318,11,1
286,344,12,1
286,315,4,1
287,309,13,1
287,317,6,1
288,310,13,1
289,331,8,1
291,301,3,1
292,308,4,1
292,309,14,1
294,342,10,1
296,325,3,1
297,361,14,1
297,326,5,1
298,306,6,1
299,313,6,1
301,307,4,1
301,308,3,1
301,320,4,1
302,333,6,1
303,314,3,1
304,347,8,1
304,311,5,1
305,312,5,1
305,318,4,1
305,366,21,1
306,348,8,1
308,388,16,1
309,339,7,1
310,330,5,1
311,384,15,1
313,366,10,1
314,341,10,1
314,334,3,1
316,326,3,1
317,408,19,1
318,378,11,1
319,332,3,1
321,357,7,1
321,342,22,1
322,335,15,1
322,390,13,1
323,391,13,1
323,324,4,1
324,359,6,1
325,332,4,1
325,367,8,1
326,352,5,1
327,337,3,1
328,353,6,1
329,334,6,1
330,341,5,1
330,364,14,1
331,335,10,1
331,365,20,1
331,419,14,1
332,343,7,1
333,376,10,1
333,340,4,1
334,396,12,1
335,358,4,1
335,377,5,1
336,344,3,1
336,372,6,1
337,373,9,1
337,338,3,1
338,353,8,1
339,349,4,1
339,369,6,1
340,381,15,1
340,354,3,1
341,405,15,1
342,365,3,1
342,406,11,1
344,356,10,1
345,352,3,1
346,350,4,1
346,370,4,1
348,361,8,1
348,387,12,1
351,389,9,1
352,368,4,1
353,394,8,1
355,384,8,1
356,367,7,1
356,383,3,1
357,364,3,1
357,428,17,1
359,385,5,1
359,378,12,1
360,372,8,1
360,368,8,1
361,393,6,1
362,380,4,1
363,395,7,1
364,458,19,1
365,468,20,1
366,382,3,1
367,371,3,1
367,402,7,1
368,425,13,1
369,374,4,1
369,407,8,1
370,380,8,1
370,376,5,1
372,386,3,1
373,387,3,1
373,379,4,1
375,380,3,1
376,420,10,1
378,398,5,1
380,408,6,1
381,437,20,1
381,445,12,1
382,399,5,1
382,415,7,1
384,391,7,1
384,390,13,1
384,424,6,1
386,392,4,1
386,462,15,1
387,400,3,1
388,394,8,1
388,426,10,1
389,404,5,1
389,396,4,1
390,432,8,1
391,412,5,1
393,403,5,1
393,453,15,1
394,470,17,1
395,422,10,1
395,404,8,1
396,405,9,1
396,417,4,1
397,403,6,1
398,401,4,1
398,413,3,1
400,453,12,1
400,470,16,1
402,415,15,1
402,442,8,1
403,431,6,1
404,466,12,1
405,467,12,1
406,428,5,1
406,410,4,1
407,426,13,1
407,433,10,1
408,433,13,1
408,444,10,1
408,504,13,1
409,445,7,1
411,423,3,1
412,459,18,1
412,476,11,1
413,441,9,1
413,459,8,1
414,441,15,1
415,469,11,1
416,443,11,1
418,419,3,1
419,423,10,1
419,449,4,1
420,434,3,1
420,435,3,1
421,436,4,1
422,439,3,1
423,447,5,1
424,429,6,1
424,450,4,1
425,431,4,1
425,452,4,1
426,477,8,1
426,471,8,1
427,438,3,1
428,456,5,1
430,442,3,1
431,512,17,1
432,447,8,1
432,498,13,1
433,448,3,1
435,436,9,1
435,496,11,1
436,445,6,1
437,472,15,1
437,457,4,1
438,439,5,1
438,446,8,1
438,489,9,1
439,482,9,1
440,475,8,1
441,479,8,1
442,443,4,1
442,460,6,1
442,484,16,1
442,502,8,1
443,462,17,1
445,472,5,1
445,522,14,1
447,527,16,1
448,454,4,1
448,488,8,1
449,468,12,1
449,494,8,1
451,461,3,1
452,463,4,1
452,464,4,1
453,465,3,1
453,480,6,1
455,457,4,1
456,492,12,1
456,475,7,1
457,524,13,1
458,474,15,1
458,492,8,1
459,550,19,1
461,462,8,1
461,463,7,1
462,571,18,1
463,499,7,1
466,482,9,1
466,490,15,1
467,491,5,1
467,474,6,1
468,532,11,1
469,479,18,1
469,484,3,1
470,485,13,1
470,514,6,1
472,564,18,1
473,517,10,1
474,526,10,1
475,493,4,1
476,483,6,1
476,487,3,1
477,481,6,1
477,501,5,1
478,497,7,1
479,529,10,1
480,512,6,1
481,514,15,1
482,518,7,1
483,498,12,1
483,508,5,1
484,511,5,1
485,535,9,1
486,488,5,1
487,509,3,1
487,537,5,1
488,515,6,1
489,525,9,1
489,518,12,1
490,491,5,1
490,578,16,1
491,588,18,1
492,513,5,1
493,506,4,1
493,532,12,1
494,507,4,1
494,497,3,1
495,515,5,1
496,540,13,1
496,522,10,1
497,527,7,1
498,520,5,1
498,593,14,1
499,538,8,1
499,531,4,1
500,501,3,1
501,560,10,1
503,504,9,1
504,540,6,1
505,517,16,1
510,528,4,1
511,521,4,1
511,530,4,1
511,545,7,1
511,552,3,1
512,534,4,1
513,567,10,1
513,579,13,1
514,574,10,1
515,547,5,1
516,524,12,1
517,575,11,1
517,525,3,1
518,536,3,1
519,533,3,1
520,543,4,1
522,548,4,1
523,561,10,1
524,561,7,1
525,555,6,1
527,568,8,1
527,533,11,1
528,594,11,1
528,529,3,1
529,551,9,1
532,542,3,1
533,543,5,1
534,546,9,1
534,539,3,1
535,539,7,1
535,573,8,1
536,541,7,1
536,584,7,1
537,549,4,1
537,544,3,1
538,546,4,1
538,558,14,1
539,559,4,1
540,553,3,1
542,604,11,1
542,591,13,1
543,569,6,1
544,550,10,1
545,551,7,1
546,615,14,1
547,560,12,1
547,581,8,1
548,583,9,1
548,598,11,1
549,593,8,1
550,585,4,1
550,594,13,1
551,570,3,1
552,556,17,1
552,628,13,1
553,582,7,1
553,595,6,1
554,566,4,1
555,576,9,1
555,653,15,1
556,571,19,1
556,629,13,1
557,580,4,1
558,580,3,1
559,572,3,1
559,625,10,1
560,574,24,1
560,644,13,1
561,564,20,1
561,603,4,1
562,577,3,1
563,585,6,1
564,598,8,1
565,596,6,1
566,575,4,1
566,596,3,1
567,590,8,1
567,620,8,1
568,591,9,1
568,613,10,1
569,613,8,1
569,592,4,1
571,600,5,1
574,601,17,1
574,670,13,1
575,597,3,1
577,611,12,1
577,578,6,1
578,618,7,1
579,612,8,1
579,604,10,1
580,608,9,1
581,582,10,1
581,649,13,1
582,610,6,1
584,587,5,1
584,611,5,1
585,621,7,1
586,601,4,1
588,589,6,1
588,619,6,1
589,590,4,1
590,646,10,1
591,633,8,1
593,642,9,1
594,655,12,1
595,607,5,1
595,666,12,1
596,639,8,1
598,666,20,1
598,650,9,1
599,654,10,1
600,608,6,1
600,657,9,1
601,609,3,1
602,616,4,1
603,631,5,1
603,652,9,1
604,640,6,1
605,627,5,1
606,615,3,1
608,661,10,1
609,625,6,1
610,685,13,1
610,645,5,1
611,663,14,1
611,664,7,1
612,620,6,1
612,632,4,1
613,647,5,1
614,629,3,1
615,624,5,1
615,669,10,1
616,630,3,1
616,649,4,1
617,639,4,1
618,619,12,1
618,671,12,1
619,740,19,1
620,689,12,1
621,660,7,1
621,680,17,1
622,634,3,1
623,643,4,1
624,643,4,1
625,665,6,1
626,638,3,1
627,655,11,1
627,656,7,1
628,634,4,1
628,648,7,1
629,648,8,1
631,637,7,1
631,697,11,1
633,640,19,1
633,719,14,1
634,656,7,1
635,657,4,1
636,644,7,1
638,692,12,1
638,639,10,1
639,653,27,1
639,678,6,1
640,679,7,1
641,654,3,1
642,668,8,1
642,690,12,1
643,661,6,1
644,705,11,1
647,654,9,1
647,667,3,1
648,735,14,1
649,658,8,1
649,684,6,1
650,738,14,1
650,662,5,1
651,662,3,1
652,659,10,1
652,707,10,1
653,663,3,1
654,668,10,1
654,711,9,1
655,675,5,1
655,713,12,1
656,676,5,1
657,745,16,1
660,674,5,1
660,690,6,1
661,695,7,1
662,697,13,1
662,696,6,1
663,693,9,1
663,780,18,1
664,671,7,1
664,744,12,1
665,669,5,1
665,682,5,1
666,685,19,1
666,706,5,1
667,721,9,1
667,673,3,1
669,750,13,1
670,715,8,1
670,704,14,1
671,770,17,1
672,683,3,1
675,680,5,1
675,702,5,1
676,681,4,1
676,725,6,1
677,698,6,1
678,688,3,1
678,739,7,1
679,689,19,1
679,747,9,1
680,732,9,1
682,683,9,1
683,715,5,1
684,685,13,1
684,728,5,1
685,751,9,1
686,752,11,1
687,720,6,1
689,700,3,1
690,724,5,1
691,704,3,1
692,699,10,1
692,743,7,1
694,709,3,1
695,727,4,1
695,703,6,1
697,760,8,1
698,720,12,1
698,718,3,1
700,709,12,1
700,766,10,1
701,722,4,1
702,749,7,1
702,756,8,1
704,705,5,1
704,737,3,1
705,787,15,1
706,729,12,1
706,716,8,1
706,769,9,1
708,718,4,1
709,740,7,1
710,730,4,1
711,731,3,1
711,748,6,1
712,722,3,1
714,757,8,1
715,795,17,1
717,742,5,1
718,807,18,1
719,730,11,1
719,721,6,1
720,742,4,1
721,755,5,1
722,748,5,1
722,723,3,1
724,818,33,1
724,790,12,1
725,734,9,1
725,763,6,1
726,741,3,1
727,736,3,1
727,775,13,1
728,784,12,1
729,738,9,1
729,788,12,1
730,747,9,1
733,756,5,1
735,774,15,1
735,764,9,1
736,741,7,1
736,791,12,1
738,800,14,1
739,743,14,1
739,801,16,1
740,816,16,1
741,745,13,1
742,753,3,1
743,789,11,1
744,765,7,1
744,803,13,1
745,764,4,1
746,760,3,1
747,853,21,1
748,777,6,1
750,757,4,1
750,782,12,1
751,759,3,1
751,758,3,1
751,778,4,1
752,772,4,1
752,761,4,1
753,761,5,1
753,779,5,1
754,776,9,1
755,817,14,1
755,810,15,1
756,781,8,1
757,775,7,1
760,772,18,1
760,800,13,1
760,841,14,1
761,785,6,1
762,813,14,1
763,781,9,1
763,774,11,1
764,831,15,1
765,780,9,1
766,823,12,1
767,797,8,1
768,769,6,1
769,825,12,1
770,804,10,1
770,822,13,1
771,782,6,1
772,828,10,1
772,793,5,1
773,808,9,1
774,840,13,1
775,824,11,1
776,789,10,1
776,808,15,1
777,810,12,1
777,786,3,1
778,820,16,1
778,825,13,1
780,802,11,1
780,821,6,1
781,799,4,1
782,795,10,1
782,806,11,1
783,796,4,1
784,787,7,1
784,820,8,1
786,790,18,1
786,830,8,1
787,819,8,1
787,833,6,1
788,798,3,1
788,792,4,1
788,826,3,1
789,809,7,1
789,885,16,1
790,908,23,1
794,802,3,1
795,796,12,1
795,858,9,1
796,797,6,1
797,819,6,1
799,837,9,1
799,864,12,1
800,827,4,1
801,802,5,1
801,835,4,1
803,804,3,1
803,861,12,1
804,836,10,1
805,818,3,1
807,812,12,1
807,813,4,1
807,867,8,1
808,815,8,1
808,878,12,1
809,834,11,1
809,829,3,1
810,863,10,1
811,839,6,1
812,828,13,1
813,814,12,1
816,823,15,1
816,869,9,1
817,848,10,1
817,862,10,1
818,837,6,1
819,859,8,1
820,865,9,1
821,861,15,1
821,874,9,1
822,919,19,1
822,869,11,1
823,852,6,1
824,854,14,1
824,880,12,1
825,866,8,1
826,827,9,1
826,849,8,1
827,850,5,1
828,841,16,1
828,882,10,1
830,879,11,1
830,844,7,1
831,838,6,1
831,856,5,1
832,846,4,1
834,835,9,1
835,868,10,1
835,910,14,1
837,887,11,1
839,846,4,1
839,857,5,1
840,876,8,1
840,845,3,1
841,860,4,1
842,843,3,1
843,901,11,1
846,880,12,1
847,860,5,1
848,875,13,1
848,870,5,1
850,917,23,1
850,902,14,1
851,884,8,1
852,853,15,1
852,891,7,1
853,875,3,1
854,856,18,1
854,942,18,1
855,873,4,1
856,923,12,1
857,858,19,1
857,929,13,1
858,892,6,1
860,902,9,1
861,889,6,1
862,886,5,1
862,907,9,1
863,879,9,1
863,912,9,1
864,876,9,1
864,898,6,1
865,888,9,1
865,895,7,1
866,881,11,1
866,917,11,1
867,877,14,1
867,883,4,1
869,890,5,1
871,914,11,1
872,877,3,1
873,883,16,1
873,937,13,1
874,934,12,1
875,955,16,1
876,923,20,1
877,882,9,1
877,968,16,1
878,884,10,1
878,903,11,1
879,913,6,1
880,928,9,1
881,899,10,1
881,896,4,1
882,924,8,1
883,964,14,1
884,975,17,1
885,910,23,1
885,901,9,1
885,938,8,1
887,915,5,1
887,898,21,1
889,919,11,1
889,911,3,1
890,962,15,1
890,920,5,1
891,922,6,1
892,916,22,1
892,958,11,1
893,894,5,1
893,921,5,1
895,936,8,1
895,899,5,1
897,920,11,1
898,952,10,1
899,953,11,1
900,918,4,1
901,903,4,1
902,918,14,1
902,944,11,1
902,1042,22,1
903,961,10,1
904,926,5,1
905,922,3,1
905,906,5,1
907,935,5,1
907,912,5,1
908,927,14,1
908,963,9,1
909,944,7,1
910,933,3,1
911,926,6,1
911,981,12,1
912,969,15,1
913,963,18,1
913,969,10,1
914,927,9,1
914,915,5,1
915,951,6,1
916,921,6,1
916,959,7,1
917,930,3,1
918,924,8,1
919,948,6,1
920,982,12,1
921,971,14,1
922,939,4,1
922,1011,15,1
923,941,4,1
924,945,4,1
925,933,10,1
925,934,3,1
925,954,3,1
926,966,7,1
927,940,4,1
927,992,11,1
928,943,4,1
928,949,18,1
929,949,3,1
929,958,20,1
930,950,18,1
930,972,17,1
930,1028,18,1
931,937,6,1
932,938,4,1
933,991,10,1
934,966,9,1
935,983,14,1
935,1004,13,1
936,971,10,1
936,1046,21,1
937,977,12,1
938,978,8,1
941,956,21,1
941,986,7,1
942,943,3,1
942,956,10,1
943,1057,22,1
944,972,6,1
945,973,8,1
945,1029,16,1
946,965,5,1
947,961,10,1
948,1003,12,1
948,962,10,1
949,957,6,1
949,987,5,1
950,953,4,1
951,1013,17,1
951,1010,13,1
953,1036,17,1
955,1011,18,1
955,983,7,1
956,1016,25,1
958,967,14,1
958,1080,22,1
959,967,4,1
959,1021,13,1
960,990,6,1
961,1047,16,1
962,1000,8,1
963,1019,12,1
964,989,5,1
964,977,7,1
965,1018,11,1
965,975,10,1
966,1009,8,1
966,980,3,1
968,988,3,1
968,976,4,1
969,984,4,1
969,1050,15,1
970,985,3,1
971,996,4,1
972,1054,16,1
972,1005,8,1
973,988,7,1
973,1006,6,1
974,993,4,1
975,990,3,1
977,1022,10,1
978,1056,16,1
978,1008,7,1
979,1002,5,1
982,1000,20,1
982,1033,11,1
983,1012,7,1
985,1013,13,1
985,995,3,1
986,995,18,1
986,1016,8,1
987,1045,12,1
987,1020,14,1
988,1065,14,1
989,997,3,1
989,1017,6,1
990,1001,6,1
990,1047,23,1
991,1002,12,1
991,1025,8,1
992,994,4,1
992,1010,7,1
993,998,4,1
993,999,3,1
995,1014,5,1
996,1021,13,1
996,1053,13,1
998,1037,7,1
1000,1089,17,1
1002,1008,3,1
1003,1032,10,1
1004,1026,7,1
1004,1049,13,1
1007,1027,5,1
1008,1038,6,1
1009,1025,14,1
1009,1031,6,1
1010,1044,6,1
1011,1034,4,1
1012,1034,23,1
1012,1092,15,1
1013,1068,10,1
1013,1084,12,1
1014,1015,3,1
1014,1084,15,1
1016,1079,11,1
1017,1065,13,1
1017,1067,11,1
1018,1024,3,1
1018,1055,6,1
1019,1043,19,1
1019,1063,6,1
1021,1052,5,1
1022,1030,3,1
1022,1098,14,1
1023,1037,4,1
1025,1061,7,1
1025,1091,12,1
1027,1058,5,1
1028,1041,9,1
1028,1094,13,1
1029,1042,8,1
1029,1059,11,1
1031,1077,12,1
1031,1032,4,1
1032,1078,9,1
1033,1075,8,1
1033,1034,12,1
1034,1125,17,1
1035,1043,3,1
1036,1041,7,1
1036,1046,16,1
1036,1087,9,1
1037,1107,23,1
1037,1095,10,1
1038,1076,8,1
1038,1039,3,1
1040,1064,5,1
1042,1054,13,1
1042,1124,17,1
1043,1044,5,1
1044,1068,17,1
1044,1126,15,1
1045,1051,3,1
1045,1066,6,1
1045,1086,9,1
1046,1053,4,1
1046,1135,18,1
1047,1056,3,1
1047,1097,8,1
1048,1061,3,1
1049,1050,6,1
1049,1110,14,1
1050,1062,4,1
1052,1080,23,1
1052,1102,13,1
1053,1070,7,1
1054,1071,6,1
1055,1060,10,1
1055,1088,6,1
1056,1076,15,1
1057,1064,9,1
1057,1058,10,1
1057,1171,20,1
1058,1066,3,1
1059,1065,12,1
1059,1149,18,1
1060,1073,3,1
1061,1109,12,1
1062,1063,21,1
1062,1160,20,1
1063,1133,15,1
1064,1085,6,1
1065,1112,10,1
1066,1093,7,1
1068,1127,13,1
1069,1086,4,1
1071,1094,16,1
1071,1143,15,1
1072,1081,4,1
1073,1096,14,1
1073,1119,15,1
1074,1083,3,1
1075,1089,24,1
1075,1120,12,1
1076,1114,11,1
1077,1091,8,1
1077,1130,9,1
1078,1083,13,1
1078,1115,9,1
1079,1104,7,1
1079,1085,17,1
1080,1105,6,1
1081,1088,7,1
1082,1096,4,1
1083,1089,10,1
1084,1128,9,1
1084,1162,22,1
1085,1101,4,1
1086,1105,12,1
1088,1119,8,1
1089,1176,15,1
1090,1098,4,1
1090,1099,3,1
1091,1192,19,1
1092,1132,18,1
1092,1110,9,1
1093,1121,7,1
1094,1218,24,1
1094,1166,12,1
1095,1099,3,1
1095,1106,13,1
1096,1212,22,1
1096,1097,9,1
1097,1137,9,1
1098,1113,7,1
1099,1207,20,1
1100,1108,4,1
1102,1129,11,1
1102,1178,18,1
1103,1134,6,1
1104,1111,6,1
1104,1162,8,1
1105,1155,9,1
1107,1203,16,1
1107,1108,5,1
1108,1204,15,1
1109,1114,3,1
1109,1199,18,1
1110,1151,7,1
1112,1113,19,1
1112,1144,5,1
1113,1158,7,1
1114,1139,5,1
1115,1167,9,1
1115,1146,7,1
1116,1150,5,1
1116,1120,6,1
1117,1129,11,1
1118,1136,5,1
1119,1197,22,1
1119,1212,15,1
1120,1214,15,1
1121,1153,10,1
1121,1195,11,1
1122,1135,5,1
1123,1124,12,1
1124,1136,3,1
1125,1159,9,1
1125,1132,8,1
1126,1148,3,1
1126,1161,18,1
1127,1128,11,1
1127,1161,4,1
1128,1140,4,1
1129,1141,3,1
1129,1156,3,1
1131,1146,6,1
1132,1222,17,1
1133,1134,11,1
1133,1177,17,1
1133,1249,18,1
1134,1148,9,1
1135,1165,6,1
1135,1172,6,1
1136,1184,8,1
1137,1190,12,1
1137,1182,8,1
1138,1139,3,1
1139,1198,11,1
1142,1165,4,1
1143,1166,10,1
1143,1245,20,1
1144,1149,12,1
1144,1223,14,1
1145,1175,5,1
1146,1213,11,1
1147,1159,3,1
1148,1186,7,1
1149,1188,12,1
1151,1179,6,1
1151,1215,12,1
1152,1169,3,1
1154,1181,5,1
1155,1181,4,1
1155,1163,6,1
1156,1164,10,1
1156,1211,9,1
1157,1173,3,1
1158,1227,15,1
1158,1242,17,1
1159,1214,11,1
1160,1169,3,1
1160,1177,5,1
1161,1220,17,1
1161,1230,11,1
1162,1180,3,1
1165,1178,8,1
1166,1202,6,1
1167,1208,11,1
1167,1185,5,1
1168,1179,3,1
1169,1215,9,1
1170,1180,9,1
1170,1187,11,1
1171,1183,9,1
1171,1217,9,1
1172,1173,5,1
1172,1225,11,1
1173,1218,13,1
1174,1204,7,1
1175,1182,4,1
1175,1198,4,1
1176,1193,10,1
1176,1235,13,1
1177,1206,7,1
1178,1236,13,1
1179,1222,9,1
1180,1231,10,1
1181,1210,6,1
1182,1191,7,1
1183,1187,3,1
1183,1194,6,1
1184,1246,13,1
1184,1188,3,1
1186,1216,9,1
1186,1250,13,1
1187,1261,15,1
1188,1247,22,1
1189,1221,6,1
1190,1234,9,1
1192,1199,9,1
1192,1208,10,1
1193,1219,5,1
1195,1217,12,1
1195,1209,5,1
1196,1197,3,1
1197,1221,13,1
1198,1271,15,1
1199,1237,12,1
1200,1220,8,1
1201,1202,9,1
1202,1257,12,1
1203,1207,7,1
1203,1204,12,1
1203,1323,22,1
1204,1205,6,1
1204,1259,11,1
1207,1248,10,1
1208,1279,21,1
1208,1284,11,1
1209,1241,18,1
1209,1244,8,1
1210,1241,7,1
1210,1211,24,1
1211,1236,13,1
1212,1266,11,1
1212,1228,6,1
1213,1219,5,1
1213,1279,12,1
1214,1229,4,1
1215,1243,8,1
1217,1240,6,1
1218,1265,10,1
1219,1268,9,1
1220,1238,4,1
1220,1281,13,1
1221,1270,10,1
1222,1269,9,1
1223,1247,5,1
1223,1227,14,1
1224,1237,4,1
1225,1263,8,1
1225,1226,4,1
1225,1264,6,1
1227,1242,13,1
1227,1290,9,1
1228,1234,10,1
1228,1311,14,1
1229,1235,19,1
1229,1286,8,1
1229,1313,21,1
1230,1254,7,1
1230,1238,17,1
1231,1239,6,1
1231,1272,7,1
1232,1240,3,1
1233,1291,15,1
1234,1278,11,1
1235,1359,23,1
1236,1300,12,1
1236,1256,4,1
1237,1267,4,1
1238,1251,3,1
1240,1274,7,1
1241,1255,3,1
1242,1258,3,1
1243,1269,20,1
1243,1319,17,1
1245,1257,13,1
1245,1252,3,1
1246,1252,4,1
1246,1305,10,1
1247,1356,21,1
1248,1258,4,1
1248,1308,11,1
1249,1280,19,1
1249,1348,17,1
1250,1280,6,1
1250,1254,9,1
1252,1343,17,1
1253,1259,11,1
1254,1331,14,1
1255,1294,7,1
1255,1306,8,1
1256,1289,15,1
1256,1322,12,1
1257,1277,4,1
1258,1326,14,1
1259,1309,8,1
1260,1273,3,1
1261,1273,3,1
1261,1293,14,1
1262,1275,3,1
1263,1289,4,1
1265,1282,12,1
1265,1350,15,1
1266,1270,3,1
1266,1292,4,1
1267,1271,7,1
1267,1316,13,1
1269,1304,5,1
1270,1296,4,1
1271,1278,22,1
1271,1328,10,1
1272,1298,4,1
1272,1273,14,1
1273,1314,6,1
1274,1293,3,1
1274,1275,6,1
1275,1336,20,1
1276,1299,5,1
1277,1282,13,1
1277,1342,13,1
1278,1347,13,1
1279,1303,4,1
1280,1380,19,1
1281,1287,4,1
1281,1298,10,1
1281,1355,16,1
1282,1342,24,1
1283,1295,3,1
1284,1334,11,1
1284,1297,4,1
1285,1286,4,1
1286,1360,14,1
1288,1306,13,1
1289,1307,4,1
1291,1296,17,1
1291,1344,12,1
1293,1321,6,1
1293,1324,10,1
1295,1315,5,1
1296,1346,9,1
1298,1453,31,1
1299,1300,14,1
1299,1306,23,1
1300,1349,11,1
1301,1305,4,1
1302,1316,5,1
1303,1359,25,1
1303,1335,6,1
1304,1313,23,1
1304,1317,3,1
1305,1364,12,1
1306,1336,5,1
1307,1325,5,1
1307,1350,18,1
1308,1377,11,1
1309,1323,3,1
1309,1333,9,1
1310,1333,7,1
1311,1351,12,1
1311,1358,12,1
1312,1354,6,1
1313,1339,5,1
1315,1344,7,1
1316,1334,8,1
1316,1353,5,1
1317,1374,10,1
1317,1340,8,1
1318,1330,3,1
1319,1330,6,1
1319,1348,9,1
1320,1321,4,1
1321,1376,10,1
1323,1370,10,1
1325,1400,13,1
1325,1401,13,1
1326,1393,16,1
1326,1332,6,1
1327,1337,3,1
1328,1338,4,1
1328,1389,11,1
1329,1362,7,1
1330,1340,19,1
1331,1361,18,1
1331,1408,14,1
1332,1365,6,1
1333,1387,10,1
1334,1382,14,1
1335,1354,11,1
1335,1378,10,1
1336,1414,15,1
1337,1367,4,1
1339,1373,13,1
1339,1452,23,1
1340,1391,9,1
1341,1349,3,1
1342,1463,25,1
1343,1434,17,1
1344,1357,11,1
1344,1415,12,1
1345,1357,3,1
1346,1366,4,1
1346,1351,4,1
1347,1358,3,1
1347,1367,9,1
1348,1375,5,1
1349,1363,5,1
1349,1407,10,1
1350,1443,19,1
1350,1385,15,1
1351,1412,16,1
1352,1353,5,1
1353,1372,6,1
1354,1382,10,1
1355,1361,3,1
1355,1384,13,1
1356,1364,10,1
1356,1369,5,1
1356,1470,28,1
1357,1366,8,1
1357,1388,7,1
1358,1371,3,1
1359,1379,4,1
1360,1362,8,1
1360,1390,13,1
1360,1422,11,1
1361,1406,9,1
1362,1373,3,1
1364,1410,12,1
1366,1429,12,1
1367,1394,5,1
1368,1375,8,1
1369,1393,18,1
1369,1396,5,1
1370,1377,7,1
1370,1428,10,1
1371,1412,8,1
1371,1418,9,1
1373,1419,9,1
1374,1383,3,1
1374,1403,5,1
1375,1458,18,1
1376,1414,27,1
1376,1381,10,1
1376,1432,9,1
1377,1397,11,1
1377,1454,16,1
1379,1437,27,1
1379,1390,3,1
1382,1440,12,1
1385,1420,5,1
1386,1397,3,1
1387,1428,8,1
1387,1411,8,1
1389,1394,16,1
1389,1402,3,1
1390,1457,15,1
1391,1413,4,1
1392,1410,5,1
1393,1426,7,1
1394,1456,13,1
1395,1404,3,1
1395,1424,4,1
1397,1427,10,1
1398,1411,5,1
1399,1437,8,1
1400,1407,5,1
1400,1438,6,1
1402,1439,21,1
1402,1471,15,1
1405,1406,4,1
1407,1474,16,1
1408,1431,5,1
1408,1480,16,1
1409,1425,4,1
1410,1434,9,1
1410,1468,13,1
1411,1475,14,1
1412,1450,9,1
1413,1430,3,1
1414,1466,12,1
1415,1421,3,1
1415,1435,5,1
1416,1435,5,1
1417,1429,6,1
1417,1436,3,1
1419,1423,8,1
1419,1441,4,1
1420,1442,5,1
1420,1459,13,1
1421,1506,26,1
1424,1458,20,1
1424,1431,7,1
1425,1438,6,1
1425,1443,12,1
1426,1427,15,1
1426,1496,13,1
1427,1489,13,1
1428,1464,9,1
1428,1448,13,1
1429,1499,15,1
1430,1479,10,1
1431,1497,13,1
1432,1460,12,1
1432,1487,21,1
1433,1446,6,1
1434,1447,5,1
1435,1449,5,1
1437,1440,14,1
1437,1465,6,1
1438,1461,7,1
1439,1451,14,1
1439,1471,17,1
1440,1451,6,1
1441,1478,20,1
1441,1485,11,1
1443,1511,13,1
1444,1475,7,1
1445,1467,5,1
1446,1472,11,1
1446,1473,7,1
1447,1463,11,1
1447,1569,24,1
1449,1484,10,1
1449,1499,14,1
1450,1455,5,1
1450,1503,11,1
1451,1500,9,1
1452,1486,12,1
1452,1492,9,1
1453,1460,16,1
1453,1481,4,1
1454,1490,6,1
1454,1464,11,1
1455,1456,15,1
1455,1522,13,1
1456,1476,10,1
1457,1508,26,1
1457,1478,4,1
1458,1504,9,1
1459,1462,3,1
1459,1495,6,1
1460,1600,26,1
1461,1493,5,1
1463,1483,4,1
1464,1498,5,1
1466,1487,5,1
1466,1467,19,1
1467,1482,5,1
1468,1469,4,1
1468,1528,11,1
1470,1496,4,1
1471,1476,11,1
1471,1554,16,1
1472,1482,6,1
1472,1502,6,1
1473,1525,10,1
1473,1474,6,1
1474,1526,11,1
1475,1529,10,1
1476,1530,10,1
1477,1508,8,1
1478,1555,16,1
1479,1492,12,1
1479,1541,18,1
1480,1481,35,1
1480,1510,6,1
1481,1599,23,1
1482,1501,4,1
1483,1495,11,1
1483,1568,17,1
1484,1507,5,1
1485,1523,8,1
1485,1486,8,1
1486,1557,14,1
1487,1573,19,1
1487,1588,19,1
1488,1489,5,1
1489,1512,4,1
1489,1515,8,1
1491,1506,7,1
1492,1604,22,1
1494,1511,5,1
1495,1527,21,1
1495,1636,28,1
1496,1519,6,1
1497,1505,5,1
1497,1514,3,1
1498,1520,10,1
1498,1547,9,1
1499,1503,11,1
1499,1535,5,1
1500,1531,8,1
1500,1532,10,1
1501,1518,4,1
1501,1559,8,1
1501,1533,3,1
1503,1521,3,1
1504,1509,8,1
1504,1597,17,1
1506,1507,6,1
1506,1617,20,1
1507,1535,26,1
1508,1545,8,1
1509,1514,18,1
1510,1576,13,1
1510,1542,9,1
1511,1534,5,1
1513,1536,5,1
1514,1564,9,1
1515,1553,10,1
1516,1521,3,1
1517,1541,7,1
1519,1570,9,1
1519,1546,14,1
1520,1529,16,1
1520,1538,3,1
1521,1619,18,1
1522,1539,6,1
1522,1548,9,1
1523,1555,11,1
1523,1556,7,1
1524,1542,4,1
1525,1543,6,1
1525,1565,7,1
1526,1566,8,1
1526,1593,16,1
1527,1534,22,1
1527,1560,7,1
1528,1569,8,1
1528,1537,8,1
1529,1544,4,1
1530,1536,10,1
1530,1551,5,1
1531,1554,10,1
1531,1552,4,1
1532,1545,19,1
1532,1582,11,1
1534,1589,11,1
1535,1581,8,1
1536,1548,3,1
1540,1571,10,1
1541,1558,4,1
1542,1657,21,1
1542,1599,23,1
1544,1575,6,1
1544,1590,10,1
1545,1583,7,1
1546,1579,6,1
1546,1561,4,1
1547,1553,8,1
1547,1611,12,1
1548,1594,9,1
1549,1563,5,1
1550,1561,3,1
1551,1571,3,1
1553,1601,8,1
1554,1602,8,1
1555,1584,4,1
1557,1562,4,1
1557,1603,8,1
1558,1635,14,1
1558,1563,3,1
1559,1573,11,1
1559,1606,7,1
1560,1577,8,1
1560,1567,3,1
1560,1626,11,1
1561,1638,14,1
1563,1597,20,1
1564,1585,5,1
1564,1576,6,1
1565,1606,20,1
1565,1586,8,1
1565,1620,6,1
1565,1691,24,1
1568,1574,5,1
1568,1621,9,1
1569,1587,3,1
1570,1624,10,1
1570,1578,3,1
1571,1591,4,1
1572,1585,3,1
1573,1629,10,1
1575,1612,15,1
1575,1645,13,1
1576,1598,4,1
1580,1613,8,1
1580,1581,7,1
1581,1650,14,1
1582,1651,13,1
1582,1608,5,1
1583,1596,16,1
1583,1654,13,1
1584,1596,18,1
1584,1633,11,1
1585,1615,8,1
1587,1607,5,1
1587,1637,12,1
1588,1600,11,1
1588,1629,24,1
1589,1593,4,1
1589,1658,15,1
1591,1595,3,1
1591,1631,7,1
1592,1608,7,1
1593,1661,14,1
1594,1614,4,1
1594,1646,20,1
1596,1660,13,1
1597,1628,5,1
1598,1657,18,1
1598,1674,16,1
1599,1605,8,1
1599,1648,8,1
1600,1616,12,1
1600,1738,33,1
1601,1639,11,1
1602,1641,17,1
1602,1673,16,1
1603,1604,12,1
1603,1625,6,1
1604,1647,8,1
1606,1649,9,1
1607,1622,12,1
1607,1623,3,1
1608,1632,6,1
1609,1634,6,1
1610,1622,3,1
1611,1644,8,1
1611,1627,3,1
1612,1627,6,1
1612,1663,11,1
1613,1618,4,1
1613,1671,13,1
1614,1619,10,1
1614,1672,14,1
1615,1628,18,1
1615,1674,21,1
1617,1640,9,1
1617,1693,21,1
1619,1655,8,1
1621,1622,5,1
1621,1676,14,1
1622,1724,22,1
1624,1637,9,1
1624,1638,30,1
1625,1642,17,1
1625,1697,17,1
1626,1643,3,1
1626,1636,9,1
1627,1677,12,1
1628,1699,15,1
1629,1649,17,1
1630,1640,4,1
1631,1646,3,1
1631,1641,7,1
1632,1656,4,1
1633,1664,7,1
1633,1642,3,1
1634,1647,10,1
1634,1635,9,1
1635,1665,7,1
1636,1676,9,1
1637,1724,20,1
1638,1639,6,1
1638,1711,16,1
1639,1708,21,1
1640,1666,7,1
1641,1678,11,1
1642,1697,13,1
1643,1658,19,1
1643,1659,4,1
1645,1653,14,1
1645,1681,11,1
1646,1672,11,1
1646,1721,16,1
1647,1710,16,1
1648,1652,4,1
1648,1684,10,1
1649,1690,11,1
1650,1667,6,1
1650,1655,9,1
1651,1668,11,1
1651,1654,7,1
1654,1660,16,1
1654,1709,11,1
1655,1712,13,1
1656,1673,5,1
1656,1668,7,1
1657,1683,8,1
1658,1730,18,1
1660,1670,4,1
1660,1727,13,1
1661,1691,8,1
1661,1700,10,1
1662,1708,11,1
1664,1688,6,1
1666,1669,4,1
1666,1704,7,1
1667,1671,17,1
1667,1687,6,1
1668,1696,6,1
1671,1693,4,1
1672,1695,4,1
1672,1720,6,1
1673,1731,11,1
1673,1794,27,1
1674,1744,15,1
1675,1690,17,1
1676,1705,6,1
1677,1701,4,1
1677,1686,18,1
1678,1679,5,1
1678,1713,7,1
1680,1683,6,1
1681,1827,45,1
1681,1776,22,1
1682,1715,8,1
1683,1764,16,1
1683,1790,32,1
1684,1689,9,1
1684,1738,10,1
1685,1703,4,1
1687,1694,3,1
1687,1718,5,1
1688,1727,10,1
1690,1717,5,1
1691,1770,19,1
1692,1708,5,1
1692,1701,3,1
1693,1726,6,1
1697,1761,15,1
1698,1716,5,1
1699,1716,11,1
1699,1784,20,1
1701,1725,4,1
1702,1704,5,1
1703,1707,6,1
1703,1733,10,1
1704,1734,6,1
1704,1750,10,1
1705,1739,15,1
1705,1706,4,1
1706,1740,7,1
1707,1745,8,1
1708,1758,10,1
1709,1714,5,1
1709,1735,4,1
1710,1715,4,1
1710,1757,19,1
1711,1733,7,1
1711,1737,20,1
1712,1765,13,1
1712,1720,5,1
1713,1721,7,1
1713,1731,12,1
1715,1766,13,1
1715,1815,25,1
1716,1762,12,1
1717,1723,3,1
1717,1802,20,1
1718,1746,7,1
1718,1719,5,1
1719,1747,5,1
1720,1777,18,1
1721,1771,12,1
1722,1754,9,1
1724,1756,8,1
1726,1742,4,1
1726,1746,16,1
1727,1743,4,1
1728,1732,3,1
1728,1755,6,1
1729,1780,21,1
1730,1749,4,1
1731,1760,9,1
1733,1798,16,1
1734,1742,15,1
1734,1799,16,1
1735,1795,15,1
1735,1751,9,1
1736,1748,4,1
1738,1790,13,1
1739,1749,13,1
1739,1847,29,1
1740,1797,13,1
1741,1750,5,1
1742,1792,13,1
1743,1753,9,1
1743,1801,17,1
1744,1748,7,1
1744,1763,8,1
1746,1759,4,1
1748,1755,6,1
1749,1775,9,1
1750,1809,15,1
1751,1753,8,1
1751,1779,7,1
1752,1808,14,1
1753,1772,5,1
1754,1757,5,1
1754,1762,5,1
1755,1784,15,1
1756,1797,15,1
1756,1791,17,1
1757,1816,15,1
1758,1768,17,1
1758,1785,5,1
1759,1781,5,1
1759,1782,10,1
1761,1783,22,1
1761,1766,6,1
1762,1774,5,1
1763,1830,17,1
1763,1764,3,1
1764,1883,37,1
1765,1782,9,1
1765,1805,8,1
1766,1851,22,1
1767,1787,6,1
1768,1788,4,1
1769,1783,4,1
1770,1802,11,1
1770,1786,24,1
1771,1777,6,1
1771,1800,19,1
1772,1773,3,1
1772,1796,5,1
1774,1823,12,1
1774,1784,21,1
1775,1780,14,1
1775,1853,20,1
1776,1789,10,1
1776,1808,17,1
1777,1828,13,1
1778,1793,5,1
1780,1786,13,1
1780,1831,12,1
1781,1810,11,1
1781,1804,4,1
1782,1863,21,1
1783,1801,4,1
1784,1876,22,1
1785,1807,5,1
1785,1789,9,1
1786,1872,24,1
1787,1791,4,1
1787,1798,12,1
1788,1821,16,1
1788,1803,3,1
1789,1861,18,1
1790,1883,23,1
1791,1839,12,1
1792,1799,13,1
1792,1810,6,1
1793,1800,3,1
1793,1806,11,1
1794,1806,19,1
1794,1795,4,1
1795,1843,19,1
1796,1843,13,1
1797,1811,4,1
1798,1826,9,1
1798,1821,7,1
1799,1809,9,1
1800,1857,15,1
1801,1818,5,1
1802,1834,9,1
1805,1828,21,1
1805,1813,4,1
1806,1822,5,1
1807,1840,12,1
1807,1812,3,1
1808,1827,6,1
1809,1841,8,1
1810,1862,12,1
1810,1867,14,1
1811,1847,14,1
1811,1855,15,1
1814,1818,19,1
1816,1823,8,1
1816,1871,15,1
1817,1829,6,1
1818,1837,4,1
1818,1829,5,1
1818,1845,5,1
1819,1838,7,1
1820,1846,12,1
1821,1859,11,1
1822,1868,11,1
1823,1891,17,1
1824,1846,21,1
1824,1878,14,1
1825,1840,5,1
1826,1832,5,1
1826,1865,10,1
1827,1907,19,1
1828,1886,14,1
1828,1842,12,1
1829,1899,17,1
1830,1838,4,1
1830,1930,22,1
1831,1872,10,1
1833,1842,4,1
1834,1858,11,1
1834,1953,35,1
1835,1839,4,1
1836,1841,9,1
1838,1876,22,1
1839,1856,4,1
1840,1860,5,1
1841,1889,13,1
1842,1890,12,1
1843,1850,3,1
1844,1858,4,1
1846,1869,4,1
1846,1878,5,1
1846,1879,3,1
1847,1888,11,1
1848,1866,5,1
1849,1863,3,1
1850,1898,18,1
1850,1897,14,1
1851,1875,24,1
1851,1871,7,1
1852,1883,7,1
1853,1873,5,1
1853,1854,12,1
1853,1942,18,1
1855,1870,5,1
1855,1856,8,1
1856,1874,4,1
1857,1882,5,1
1857,1868,19,1
1858,1900,10,1
1859,1860,17,1
1859,1895,13,1
1860,1925,14,1
1861,1925,23,1
1861,1866,3,1
1862,1889,17,1
1862,1926,14,1
1863,1896,16,1
1863,1867,8,1
1863,1885,4,1
1864,1875,5,1
1866,1907,11,1
1867,1901,7,1
1868,1909,9,1
1870,1884,3,1
1871,1921,10,1
1872,1887,4,1
1873,1880,8,1
1873,1911,9,1
1874,1881,3,1
1874,1913,8,1
1875,1905,6,1
1876,1906,14,1
1876,2006,27,1
1877,1892,5,1
1878,1932,11,1
1880,1887,16,1
1880,1954,15,1
1882,1890,7,1
1882,1903,6,1
1883,1910,4,1
1884,1916,8,1
1886,1902,9,1
1886,1950,19,1
1887,1947,11,1
1888,1912,5,1
1888,1894,4,1
1889,1917,9,1
1889,1955,19,1
1890,1918,7,1
1891,1929,7,1
1891,1906,8,1
1892,1923,6,1
1892,1893,3,1
1895,1913,22,1
1895,1975,16,1
1896,1902,4,1
1896,1940,14,1
1897,1909,21,1
1897,1928,7,1
1898,1920,5,1
1898,1899,3,1
1899,1960,20,1
1900,1935,7,1
1900,1915,4,1
1901,1926,14,1
1901,1927,5,1
1902,1987,18,1
1904,1905,6,1
1905,1981,16,1
1906,1922,4,1
1907,1943,8,1
1907,1949,13,1
1908,1918,3,1
1909,1933,3,1
1910,1914,7,1
1910,2042,27,1
1912,1948,10,1
1912,1916,22,1
1913,1924,15,1
1913,1970,11,1
1916,1924,3,1
1918,1950,6,1
1919,1934,3,1
1920,1934,7,1
1921,1982,14,1
1921,1961,12,1
1923,1930,3,1
1923,1931,3,1
1924,2002,17,1
1925,1965,8,1
1926,1955,8,1
1927,1938,3,1
1928,1941,4,1
1928,1984,12,1
1929,1961,7,1
1929,1952,5,1
1930,1969,8,1
1932,1936,3,1
1932,1983,11,1
1933,1958,15,1
1933,1968,7,1
1934,1956,5,1
1935,1983,16,1
1935,1945,5,1
1937,1949,3,1
1938,1939,6,1
1938,1979,7,1
1942,1948,5,1
1942,2023,21,1
1944,1967,5,1
1945,1963,9,1
1945,1962,3,1
1946,1957,3,1
1947,1953,18,1
1947,1985,7,1
1948,2018,18,1
1949,1976,17,1
1949,2025,14,1
1950,2007,17,1
1951,1982,9,1
1953,1957,16,1
1953,1992,7,1
1955,1990,18,1
1955,1977,4,1
1956,1988,8,1
1956,1959,3,1
1957,1963,11,1
1958,1967,5,1
1958,1972,3,1
1960,2001,22,1
1960,1981,9,1
1961,2079,30,1
1963,1998,9,1
1964,1985,13,1
1965,1994,10,1
1965,1976,4,1
1966,1990,8,1
1967,1980,4,1
1968,1973,9,1
1968,1995,6,1
1969,1989,6,1
1969,2010,13,1
1970,1999,6,1
1971,1975,16,1
1974,1975,11,1
1975,2014,8,1
1976,2029,13,1
1977,1978,3,1
1977,2000,6,1
1979,2015,10,1
1979,1987,18,1
1980,2007,10,1
1980,2008,7,1
1981,2048,17,1
1981,2034,15,1
1982,2041,14,1
1982,2005,6,1
1983,2028,11,1
1984,2004,15,1
1984,1988,5,1
1985,2051,15,1
1986,1994,3,1
1987,2071,18,1
1988,2033,11,1
1989,2009,5,1
1989,1997,4,1
1990,2003,3,1
1991,2000,6,1
1992,2050,24,1
1992,2101,25,1
1993,1999,6,1
1994,2053,14,1
1995,2077,17,1
1995,2004,12,1
1996,2009,5,1
1998,2050,13,1
1999,2046,11,1
2000,2031,7,1
2001,2033,8,1
2002,2012,9,1
2002,2019,3,1
2003,2038,7,1
2004,2057,8,1
2005,2035,10,1
2006,2079,22,1
2006,2027,5,1
2007,2016,3,1
2007,2056,14,1
2007,2076,20,1
2009,2027,9,1
2010,2042,15,1
2010,2092,17,1
2011,2018,6,1
2013,2019,4,1
2014,2058,11,1
2014,2020,3,1
2015,2031,9,1
2015,2032,3,1
2017,2028,4,1
2018,2085,17,1
2019,2052,9,1
2020,2021,6,1
2020,2064,10,1
2022,2055,9,1
2023,2039,10,1
2023,2084,17,1
2024,2029,8,1
2025,2109,22,1
2025,2030,4,1
2026,2039,4,1
2027,2251,67,1
2028,2044,5,1
2028,2045,4,1
2029,2047,5,1
2029,2040,4,1
2031,2070,9,1
2031,2059,5,1
2033,2061,7,1
2033,2048,22,1
2034,2073,16,1
2034,2041,12,1
2036,2045,4,1
2037,2047,6,1
2038,2054,4,1
2039,2051,6,1
2041,2078,9,1
2042,2089,9,1
2043,2066,6,1
2045,2067,4,1
2046,2068,19,1
2046,2075,12,1
2046,2115,16,1
2047,2095,9,1
2048,2099,11,1
2049,2062,3,1
2050,2093,9,1
2051,2083,9,1
2052,2085,14,1
2052,2075,9,1
2053,2064,11,1
2053,2090,8,1
2054,2070,16,1
2054,2069,3,1
2055,2072,4,1
2055,2056,14,1
2056,2088,8,1
2057,2060,10,1
2057,2098,11,1
2059,2087,25,1
2059,2080,5,1
2060,2061,11,1
2061,2143,24,1
2062,2089,17,1
2062,2066,13,1
2063,2083,5,1
2064,2108,17,1
2065,2078,3,1
2066,2132,20,1
2067,2103,11,1
2067,2082,4,1
2070,2106,10,1
2071,2081,4,1
2071,2072,10,1
2072,2113,12,1
2073,2099,7,1
2074,2084,12,1
2075,2102,9,1
2076,2126,18,1
2076,2077,5,1
2077,2097,12,1
2078,2121,23,1
2079,2148,24,1
2081,2087,10,1
2081,2096,5,1
2083,2119,18,1
2084,2135,18,1
2085,2136,16,1
2086,2125,14,1
2087,2120,11,1
2089,2150,19,1
2090,2095,8,1
2091,2121,11,1
2093,2105,4,1
2094,2101,6,1
2095,2109,7,1
2097,2098,6,1
2097,2137,11,1
2098,2143,31,1
2099,2183,26,1
2100,2110,4,1
2101,2119,6,1
2103,2110,4,1
2103,2117,14,1
2104,2111,3,1
2105,2111,14,1
2105,2167,21,1
2106,2112,3,1
2107,2114,3,1
2108,2115,16,1
2108,2151,14,1
2110,2132,8,1
2111,2117,13,1
2112,2133,6,1
2113,2114,11,1
2113,2139,8,1
2114,2118,3,1
2115,2124,4,1
2116,2127,5,1
2117,2140,8,1
2118,2142,11,1
2118,2131,4,1
2119,2134,8,1
2119,2135,52,1
2120,2125,20,1
2120,2146,7,1
2121,2153,18,1
2122,2129,12,1
2122,2124,8,1
2123,2130,3,1
2124,2170,15,1
2125,2145,8,1
2126,2142,11,1
2126,2149,13,1
2127,2148,5,1
2128,2134,3,1
2129,2136,12,1
2130,2146,11,1
2130,2139,13,1
2132,2166,12,1
2133,2154,7,1
2133,2141,6,1
2134,2168,19,1
2135,2136,31,1
2137,2149,13,1
2137,2152,7,1
2138,2153,6,1
2139,2158,6,1
2140,2211,22,1
2141,2145,6,1
2141,2171,8,1
2142,2173,10,1
2143,2159,5,1
2143,2181,29,1
2144,2150,9,1
2145,2155,3,1
2146,2156,3,1
2147,2152,6,1
2148,2175,7,1
2149,2186,12,1
2150,2210,18,1
2151,2160,9,1
2151,2164,5,1
2152,2191,13,1
2153,2197,16,1
2155,2157,3,1
2155,2172,4,1
2156,2180,15,1
2156,2177,9,1
2158,2173,20,1
2158,2188,9,1
2159,2178,5,1
2159,2191,27,1
2161,2180,7,1
2162,2241,27,1
2163,2170,3,1
2164,2182,17,1
2164,2205,12,1
2165,2185,20,1
2166,2184,4,1
2166,2240,30,1
2167,2168,5,1
2167,2203,23,1
2168,2230,26,1
2169,2208,14,1
2170,2204,13,1
2171,2176,4,1
2171,2200,10,1
2173,2174,4,1
2173,2214,12,1
2175,2179,6,1
2175,2239,24,1
2177,2219,27,1
2177,2188,12,1
2180,2196,7,1
2181,2183,13,1
2181,2226,21,1
2182,2185,3,1
2182,2223,20,1
2183,2209,20,1
2184,2192,5,1
2184,2193,5,1
2185,2195,6,1
2186,2189,3,1
2186,2217,9,1
2187,2235,19,1
2188,2206,5,1
2190,2192,3,1
2191,2218,11,1
2192,2336,55,1
2194,2208,8,1
2196,2200,17,1
2196,2219,7,1
2197,2207,5,1
2197,2239,20,1
2198,2210,16,1
2199,2203,3,1
2200,2201,3,1
2200,2215,7,1
2202,2226,9,1
2203,2211,3,1
2204,2205,6,1
2204,2227,12,1
2205,2213,4,1
2206,2245,16,1
2206,2216,11,1
2207,2224,5,1
2208,2212,5,1
2208,2231,9,1
2209,2234,30,1
2209,2238,13,1
2210,2352,54,1
2211,2225,3,1
2211,2281,26,1
2213,2223,8,1
2213,2222,4,1
2214,2216,11,1
2214,2228,19,1
2216,2232,8,1
2217,2228,7,1
2217,2218,15,1
2218,2247,12,1
2219,2237,8,1
2220,2230,13,1
2221,2231,8,1
2223,2236,7,1
2225,2240,10,1
2225,2229,4,1
2226,2250,11,1
2227,2241,17,1
2227,2255,9,1
2228,2246,6,1
2228,2275,12,1
2230,2269,12,1
2231,2244,4,1
2232,2261,10,1
2232,2283,18,1
2233,2257,20,1
2233,2248,4,1
2234,2235,16,1
2234,2264,10,1
2235,2383,77,1
2236,2252,3,1
2236,2262,5,1
2237,2253,6,1
2237,2256,16,1
2238,2248,16,1
2238,2249,4,1
2239,2295,20,1
2239,2251,8,1
2240,2303,26,1
2241,2265,11,1
2242,2254,19,1
2243,2247,3,1
2244,2254,8,1
2244,2259,4,1
2245,2256,9,1
2245,2274,9,1
2247,2263,5,1
2248,2276,9,1
2250,2293,17,1
2250,2267,12,1
2251,2366,45,1
2252,2255,16,1
2252,2286,11,1
2253,2271,5,1
2253,2272,5,1
2254,2270,13,1
2255,2277,8,1
2256,2282,9,1
2257,2267,3,1
2258,2273,5,1
2259,2265,44,1
2259,2279,7,1
2260,2266,3,1
2261,2266,3,1
2261,2294,10,1
2263,2278,5,1
2263,2302,17,1
2264,2268,6,1
2264,2280,8,1
2264,2309,15,1
2265,2284,7,1
2266,2274,5,1
2267,2287,6,1
2269,2281,33,1
2269,2270,31,1
2270,2340,35,1
2273,2303,10,1
2274,2306,14,1
2275,2283,10,1
2275,2324,32,1
2276,2288,8,1
2276,2287,11,1
2281,2300,26,1
2282,2292,10,1
2282,2306,12,1
2283,2297,6,1
2284,2296,5,1
2284,2291,8,1
2285,2291,10,1
2286,2301,5,1
2287,2298,9,1
2287,2304,4,1
2289,2292,14,1
2290,2300,4,1
2291,2310,7,1
2292,2318,14,1
2293,2302,8,1
2293,2331,22,1
2294,2306,19,1
2294,2297,18,1
2294,2308,4,1
2297,2322,13,1
2299,2307,14,1
2300,2333,33,1
2301,2310,19,1
2301,2313,8,1
2302,2319,11,1
2303,2333,16,1
2304,2305,4,1
2304,2320,8,1
2306,2318,12,1
2306,2337,12,1
2307,2312,13,1
2307,2309,12,1
2309,2315,7,1
2310,2327,9,1
2311,2332,12,1
2312,2314,15,1
2312,2321,5,1
2313,2328,7,1
2313,2317,3,1
2314,2323,22,1
2314,2339,10,1
2315,2325,5,1
2315,2316,18,1
2316,2326,5,1
2318,2329,5,1
2319,2330,11,1
2319,2331,19,1
2320,2338,16,1
2320,2323,4,1
2322,2341,10,1
2322,2324,5,1
2323,2390,26,1
2324,2354,13,1
2325,2355,16,1
2325,2394,27,1
2326,2403,52,1
2326,2376,19,1
2327,2346,14,1
2327,2348,7,1
2328,2348,12,1
2328,2334,3,1
2330,2332,14,1
2330,2379,17,1
2331,2387,19,1
2331,2338,8,1
2332,2354,14,1
2333,2350,5,1
2335,2342,3,1
2336,2352,6,1
2336,2344,6,1
2337,2356,7,1
2337,2349,10,1
2338,2373,13,1
2339,2375,15,1
2340,2346,41,1
2340,2353,4,1
2341,2351,10,1
2342,2365,16,1
2343,2355,5,1
2345,2350,3,1
2346,2358,5,1
2347,2351,3,1
2348,2359,6,1
2350,2362,8,1
2351,2360,7,1
2352,2361,5,1
2353,2367,13,1
2353,2358,35,1
2354,2368,6,1
2355,2365,10,1
2357,2364,6,1
2358,2377,6,1
2359,2377,19,1
2359,2363,3,1
2360,2364,4,1
2360,2381,7,1
2361,2366,17,1
2361,2370,6,1
2362,2370,11,1
2362,2384,6,1
2364,2369,5,1
2364,2380,4,1
2365,2392,17,1
2366,2383,6,1
2368,2391,20,1
2368,2378,3,1
2370,2393,15,1
2371,2385,5,1
2372,2388,7,1
2373,2400,14,1
2374,2375,3,1
2375,2395,11,1
2377,2385,27,1
2378,2404,20,1
2378,2396,11,1
2379,2382,13,1
2382,2401,11,1
2383,2403,15,1
2385,2389,4,1
2386,2391,5,1
2387,2388,7,1
2387,2399,8,1
2388,2407,19,1
2390,2397,4,1
2391,2398,9,1
2392,2395,22,1
2395,2397,11,1
2395,2402,6,1
2396,2404,21,1
2396,2401,7,1
2397,2400,13,1
2399,2400,13,1
2399,2409,12,1
2400,2408,8,1
2401,2407,20,1
2403,2405,3,1
2404,2406,11,1
2407,2411,10,1
2407,2409,21,1
2408,2409,17,1
2408,2410,4,1
