node_id,row,col,degree,type,bfs_depth_from_root
1,40.0,462.0,1,endpoint,51
2,42.0,479.0,1,endpoint,52
3,43.0,493.0,1,endpoint,52
4,44.0,457.0,1,endpoint,50
5,45.666666666666664,465.6666666666667,3,junction,50
6,46.0,458.0,3,junction,49
7,49.333333333333336,470.6666666666667,3,junction,51
8,50.0,439.0,1,endpoint,49
9,52.0,501.0,1,endpoint,52
10,53.0,438.0,1,endpoint,48
11,54.0,472.25,3,junction,51
12,55.6,445.8,4,junction,48
13,56.0,438.25,3,junction,47
14,56.0,459.0,1,endpoint,50
15,59.666666666666664,496.0,5,junction,51
16,63.0,430.0,3,junction,46
17,64.0,472.8,3,junction,50
18,64.0,480.0,1,endpoint,51
19,67.0,417.0,1,endpoint,47
20,68.0,483.0,1,endpoint,51
21,70.0,414.75,3,junction,46
22,69.66666666666667,455.3333333333333,3,junction,49
23,70.0,471.5,3,junction,49
24,70.0,411.0,1,endpoint,47
25,70.0,459.0,1,endpoint,50
26,74.5,420.625,5,junction,45
27,72.66666666666667,482.6666666666667,3,junction,50
28,74.0,407.0,1,endpoint,45
29,74.0,411.0,1,endpoint,45
30,74.0,451.0,3,junction,48
31,74.33333333333333,490.6666666666667,3,junction,50
32,75.0,507.8,3,junction,51
33,76.33333333333333,408.3333333333333,3,junction,44
34,76.0,424.0,1,endpoint,46
35,76.0,428.0,1,endpoint,46
36,77.0,450.0,4,junction,47
37,76.0,512.0,1,endpoint,52
38,77.0,440.0,3,junction,46
39,79.0,515.0,1,endpoint,50
40,81.5,420.5,4,junction,44
41,80.66666666666667,466.6666666666667,3,junction,48
42,80.83333333333333,481.0,1,junction,49
43,81.0,398.0,1,endpoint,45
44,82.0,450.25,3,junction,48
45,85.75,401.0,3,junction,44
46,85.0,433.0,3,junction,45
47,86.0,397.0,1,endpoint,45
48,88.55555555555556,407.8888888888889,5,junction,43
49,87.0,506.0,3,junction,50
50,88.0,425.0,1,endpoint,45
51,88.0,450.0,1,endpoint,49
52,89.0,453.25,3,junction,48
53,89.33333333333333,513.6666666666666,3,junction,49
54,90.0,450.0,1,endpoint,48
55,90.0,459.0,1,endpoint,49
56,91.0,392.0,1,endpoint,41
57,92.33333333333333,451.3333333333333,3,junction,47
58,93.0,492.25,3,junction,49
59,93.75,406.0,3,junction,42
60,93.0,460.0,1,endpoint,48
61,97.0,387.75,3,junction,40
62,97.0,514.25,3,junction,48
63,97.66666666666667,421.3333333333333,3,junction,44
64,97.33333333333333,448.6666666666667,3,junction,46
65,97.0,521.0,1,endpoint,49
66,100.5,436.0,5,junction,45
67,101.0,419.0,1,endpoint,45
68,102.0,417.0,1,endpoint,44
69,102.0,444.0,1,endpoint,46
70,103.33333333333333,413.3333333333333,3,junction,43
71,104.0,364.0,1,endpoint,40
72,104.33333333333333,391.3333333333333,3,junction,41
73,105.0,481.2,5,junction,48
74,107.33333333333333,371.77777777777777,5,junction,39
75,107.0,354.0,1,endpoint,39
76,107.0,378.0,1,endpoint,40
77,107.0,476.0,3,junction,47
78,109.0,507.0,4,junction,47
79,109.66666666666667,483.6666666666667,3,junction,47
80,109.25,514.0,3,junction,46
81,111.0,413.75,3,junction,43
82,110.66666666666667,456.3333333333333,3,junction,46
83,111.33333333333333,355.3333333333333,3,junction,38
84,111.0,530.0,1,endpoint,47
85,112.25,488.0,3,junction,46
86,113.66666666666667,372.6666666666667,3,junction,39
87,113.0,445.0,1,endpoint,46
88,113.0,463.0,3,junction,46
89,113.0,531.0,1,endpoint,47
90,115.66666666666667,446.3333333333333,3,junction,45
91,116.75,429.0,3,junction,45
92,118.57142857142857,390.42857142857144,4,junction,41
93,118.0,398.75,3,junction,42
94,117.0,507.0,1,endpoint,48
95,117.0,526.0,1,endpoint,47
96,118.25,379.0,3,junction,40
97,121.14285714285714,419.0,4,junction,44
98,121.0,519.8,3,junction,45
99,120.9090909090909,528.5454545454545,5,junction,46
100,123.55555555555556,441.44444444444446,5,junction,44
101,122.0,329.0,1,endpoint,38
102,122.0,348.0,3,junction,37
103,122.0,445.0,1,endpoint,45
104,123.5,403.5,2,junction,44
105,123.0,412.0,1,endpoint,45
106,123.0,536.0,1,endpoint,47
107,124.0,452.0,1,endpoint,46
108,125.66666666666667,344.6666666666667,3,junction,36
109,125.0,399.0,1,endpoint,43
110,126.16666666666667,420.1666666666667,2,junction,44
111,125.0,445.0,1,endpoint,45
112,126.33333333333333,366.6666666666667,3,junction,38
113,126.0,403.0,1,endpoint,45
114,127.0,494.25,3,junction,45
115,127.0,314.0,1,endpoint,36
116,128.0,333.5,4,junction,37
117,127.0,499.0,1,endpoint,46
118,128.0,321.0,1,endpoint,38
119,128.66666666666666,440.6666666666667,3,junction,43
120,128.33333333333334,457.6666666666667,3,junction,45
121,128.66666666666666,479.3333333333333,3,junction,46
122,129.0,529.4,2,junction,45
123,129.0,482.0,1,endpoint,47
124,130.33333333333334,324.3333333333333,3,junction,37
125,131.6,447.0,2,junction,44
126,132.0,416.6,4,junction,43
127,133.0,457.5,3,junction,44
128,134.0,333.0,1,endpoint,38
129,134.66666666666666,392.6666666666667,3,junction,41
130,134.0,475.0,3,junction,45
131,134.0,531.0,3,junction,44
132,135.75,381.0,3,junction,39
133,135.0,415.0,3,junction,43
134,136.6,484.0,2,junction,46
135,136.0,358.0,1,endpoint,37
136,137.25,373.25,2,junction,38
137,136.33333333333334,387.6666666666667,3,junction,40
138,137.125,430.5,3,junction,42
139,137.0,453.0,3,junction,43
140,137.0,487.0,1,endpoint,47
141,137.75,515.0,3,junction,44
142,138.0,418.0,1,endpoint,44
143,139.66666666666666,348.3333333333333,3,junction,35
144,139.66666666666666,356.6666666666667,3,junction,36
145,139.0,387.0,1,endpoint,41
146,139.66666666666666,411.6666666666667,3,junction,42
147,139.66666666666666,527.6666666666666,3,junction,44
148,140.33333333333334,370.3333333333333,3,junction,37
149,140.5,511.5,2,junction,45
150,141.0,287.0,1,endpoint,36
151,141.0,470.0,1,endpoint,45
152,142.33333333333334,320.6666666666667,3,junction,36
153,142.2,418.4,2,junction,41
154,142.33333333333334,480.3333333333333,3,junction,45
155,142.0,524.0,3,junction,43
156,142.0,533.0,1,endpoint,45
157,143.0,435.0,1,endpoint,42
158,143.66666666666666,471.6666666666667,3,junction,44
159,146.5,305.5,4,junction,35
160,145.0,496.25,3,junction,44
161,145.33333333333334,402.3333333333333,3,junction,40
162,145.0,405.0,3,junction,41
163,145.0,452.0,3,junction,42
164,145.0,469.0,1,endpoint,45
165,146.0,277.0,1,endpoint,37
166,146.0,333.0,1,endpoint,35
167,147.5,436.3333333333333,4,junction,41
168,146.0,480.0,3,junction,44
169,146.66666666666666,540.3333333333334,3,junction,43
170,147.0,290.0,3,junction,35
171,147.0,408.0,1,endpoint,42
172,148.0,280.0,3,junction,36
173,149.0,325.0,4,junction,35
174,148.0,329.0,1,endpoint,36
175,149.25,301.0,3,junction,34
176,149.33333333333334,365.6666666666667,3,junction,36
177,149.66666666666666,494.6666666666667,3,junction,43
178,149.0,514.0,1,endpoint,42
179,149.25,549.0,3,junction,42
180,149.0,554.0,1,endpoint,43
181,150.0,267.0,1,endpoint,38
182,150.0,321.0,1,endpoint,36
183,150.66666666666666,474.5,4,junction,43
184,150.66666666666666,487.3333333333333,3,junction,44
185,151.0,381.0,1,endpoint,38
186,152.25,274.0,3,junction,37
187,152.33333333333334,343.6666666666667,3,junction,34
188,154.63636363636363,401.09090909090907,5,junction,39
189,153.14285714285714,454.14285714285717,4,junction,41
190,152.0,479.0,1,endpoint,44
191,152.0,518.0,1,endpoint,42
192,153.66666666666666,380.6666666666667,3,junction,37
193,153.33333333333334,470.6666666666667,3,junction,42
194,154.0,484.0,2,junction,45
195,154.0,533.0,2,junction,43
196,154.0,257.0,1,endpoint,38
197,154.0,316.0,1,endpoint,35
198,154.66666666666666,424.3333333333333,3,junction,40
199,154.0,561.0,1,endpoint,43
200,155.75,274.0,3,junction,37
201,155.75,366.0,3,junction,35
202,155.0,383.0,3,junction,38
203,156.33333333333334,314.6666666666667,3,junction,34
204,156.0,386.0,1,endpoint,39
205,157.0,249.0,1,endpoint,39
206,157.33333333333334,370.6666666666667,3,junction,36
207,158.66666666666666,429.8333333333333,4,junction,40
208,158.0,483.0,1,endpoint,46
209,159.75,249.0,3,junction,38
210,159.0,264.0,1,endpoint,37
211,159.66666666666666,329.3333333333333,3,junction,34
212,159.0,446.0,1,endpoint,42
213,160.33333333333334,253.66666666666666,3,junction,37
214,160.0,458.0,1,endpoint,42
215,161.4,517.0,4,junction,41
216,160.75,560.0,3,junction,42
217,161.0,289.0,1,endpoint,38
218,162.5,343.0,4,junction,33
219,161.66666666666666,444.6666666666667,3,junction,41
220,161.75,498.0,3,junction,42
221,162.0,522.1428571428571,4,junction,42
222,162.0,238.0,1,endpoint,39
223,162.66666666666666,300.6666666666667,3,junction,33
224,162.25,441.0,3,junction,41
225,162.0,588.0,1,endpoint,45
226,163.33333333333334,358.6666666666667,3,junction,34
227,163.0,393.0,1,endpoint,39
228,164.25,485.25,2,junction,43
229,163.0,537.0,1,endpoint,43
230,163.0,541.0,1,endpoint,43
231,164.2,243.4,4,junction,38
232,164.0,269.0,3,junction,36
233,164.25,396.0,3,junction,38
234,166.33333333333334,450.8888888888889,5,junction,40
235,165.14285714285714,549.4285714285714,4,junction,41
236,165.0,233.0,1,endpoint,39
237,165.33333333333334,323.3333333333333,3,junction,33
238,165.75,538.5,4,junction,42
239,166.0,248.0,1,endpoint,39
240,166.0,441.0,1,endpoint,42
241,166.8,504.0,4,junction,41
242,166.33333333333334,515.6666666666666,3,junction,40
243,166.66666666666666,588.6666666666666,3,junction,44
244,167.0,269.0,3,junction,35
245,167.0,491.0,1,endpoint,42
246,168.0,575.25,3,junction,43
247,168.75,234.0,3,junction,38
248,169.0,260.25,3,junction,36
249,169.42857142857142,302.7142857142857,3,junction,32
250,169.33333333333334,271.3333333333333,3,junction,34
251,169.0,446.0,1,endpoint,41
252,169.0,457.0,1,endpoint,41
253,169.66666666666666,473.3333333333333,3,junction,43
254,171.0,241.75,3,junction,37
255,172.375,342.875,4,junction,32
256,170.8,480.0,4,junction,44
257,171.875,427.375,3,junction,39
258,171.0,464.0,1,endpoint,42
259,172.66666666666666,259.6666666666667,3,junction,35
260,172.75,323.0,3,junction,32
261,172.0,340.0,1,endpoint,33
262,172.0,486.0,1,endpoint,45
263,174.33333333333334,420.0,4,junction,38
264,173.66666666666666,471.6666666666667,3,junction,42
265,173.25,599.0,3,junction,44
266,173.5,602.5,2,junction,45
267,174.0,270.0,1,endpoint,35
268,174.0,302.0,1,endpoint,33
269,174.66666666666666,393.6666666666667,3,junction,37
270,175.25,459.0,2,junction,40
271,174.0,469.0,3,junction,41
272,175.33333333333334,243.33333333333334,3,junction,36
273,175.0,317.0,3,junction,31
274,176.0,382.25,3,junction,35
275,175.0,435.0,1,endpoint,40
276,175.0,446.0,1,endpoint,40
277,176.88888888888889,450.8888888888889,5,junction,39
278,176.25,588.25,2,junction,42
279,175.75,610.25,2,junction,44
280,176.25,387.0,3,junction,36
281,176.0,430.0,3,junction,40
282,176.0,484.0,1,endpoint,45
283,176.0,591.0,1,endpoint,43
284,177.75,227.0,3,junction,38
285,177.66666666666666,365.3333333333333,3,junction,34
286,178.66666666666666,432.8333333333333,4,junction,39
287,177.66666666666666,574.6666666666666,3,junction,42
288,178.0,209.0,1,endpoint,38
289,178.33333333333334,286.6666666666667,3,junction,33
290,178.0,426.0,1,endpoint,41
291,178.0,540.0,1,endpoint,41
292,178.0,549.0,3,junction,40
293,179.0,234.0,1,endpoint,39
294,179.0,272.0,1,endpoint,35
295,179.0,388.0,1,endpoint,37
296,180.88888888888889,421.0,2,junction,38
297,180.0,474.5,3,junction,41
298,179.0,490.0,1,endpoint,41
299,180.5,406.5,2,junction,37
300,180.0,456.0,1,endpoint,40
301,181.0,541.5,4,junction,40
302,180.25,614.75,2,junction,43
303,181.0,207.0,1,endpoint,37
304,181.66666666666666,330.3333333333333,3,junction,32
305,183.0,380.42857142857144,4,junction,34
306,181.33333333333334,495.6666666666667,3,junction,40
307,181.0,537.0,1,endpoint,41
308,181.33333333333334,545.6666666666666,3,junction,39
309,181.0,562.0,3,junction,41
310,182.0,221.0,3,junction,37
311,182.25,336.0,3,junction,31
312,182.0,386.0,1,endpoint,35
313,183.0,401.25,3,junction,36
314,184.0,205.8,3,junction,36
315,183.0,430.0,1,endpoint,40
316,183.0,469.0,1,endpoint,42
317,183.33333333333334,578.3333333333334,3,junction,41
318,184.33333333333334,375.3333333333333,3,junction,33
319,184.0,417.0,1,endpoint,39
320,184.0,538.0,1,endpoint,41
321,185.75,243.0,3,junction,35
322,185.33333333333334,315.6666666666667,3,junction,30
323,185.66666666666666,351.3333333333333,3,junction,32
324,186.0,355.75,3,junction,33
325,185.66666666666666,421.3333333333333,3,junction,37
326,185.33333333333334,470.3333333333333,3,junction,41
327,185.0,515.0,1,endpoint,41
328,185.0,527.0,1,endpoint,39
329,186.0,197.0,1,endpoint,37
330,186.75,221.0,3,junction,36
331,188.5,290.0,4,junction,32
332,186.66666666666666,417.3333333333333,3,junction,38
333,186.66666666666666,613.3333333333334,3,junction,42
334,187.33333333333334,202.33333333333334,3,junction,36
335,189.0,301.0,4,junction,31
336,188.0,445.75,3,junction,38
337,187.66666666666666,517.3333333333334,3,junction,40
338,187.0,520.0,3,junction,39
339,187.66666666666666,560.6666666666666,3,junction,41
340,187.25,618.0,3,junction,41
341,188.0,216.0,3,junction,35
342,190.0,266.375,5,junction,34
343,188.0,412.0,1,endpoint,39
344,188.0,443.0,3,junction,38
345,188.0,466.0,1,endpoint,41
346,189.0,598.75,3,junction,43
347,189.0,327.0,1,endpoint,33
348,189.66666666666666,495.6666666666667,3,junction,39
349,189.0,557.0,1,endpoint,42
350,189.0,595.0,1,endpoint,44
351,190.0,192.0,1,endpoint,37
352,190.0,467.0,3,junction,40
353,190.66666666666666,526.6666666666666,3,junction,38
354,190.0,619.0,1,endpoint,42
355,191.0,329.0,1,endpoint,31
356,192.71428571428572,432.57142857142856,3,junction,37
357,192.66666666666666,238.66666666666666,3,junction,36
358,192.0,305.0,1,endpoint,32
359,192.66666666666666,359.3333333333333,3,junction,33
360,193.25,457.25,2,junction,38
361,192.33333333333334,487.3333333333333,3,junction,40
362,192.0,589.0,1,endpoint,42
363,193.0,183.0,1,endpoint,37
364,193.33333333333334,235.33333333333334,3,junction,35
365,194.0,269.25,3,junction,33
366,193.66666666666666,399.6666666666667,3,junction,35
367,194.0,424.0,4,junction,36
368,193.0,465.0,3,junction,39
369,194.0,562.25,3,junction,40
370,193.75,599.0,3,junction,42
371,194.0,421.0,1,endpoint,37
372,194.33333333333334,449.3333333333333,3,junction,37
373,194.75,512.0,3,junction,39
374,194.0,566.0,1,endpoint,41
375,194.0,587.0,1,endpoint,42
376,194.33333333333334,604.6666666666666,3,junction,42
377,195.0,301.0,1,endpoint,32
378,195.33333333333334,371.3333333333333,3,junction,32
379,195.0,516.0,1,endpoint,40
380,196.2,590.0,4,junction,41
381,196.0,628.25,3,junction,40
382,196.66666666666666,401.3333333333333,3,junction,35
383,196.0,432.0,1,endpoint,38
384,198.58333333333334,334.0,5,junction,30
385,197.0,358.0,1,endpoint,34
386,198.0,449.25,3,junction,36
387,197.25,508.0,3,junction,38
388,198.0,540.75,3,junction,38
389,198.66666666666666,193.33333333333334,3,junction,36
390,199.0,317.25,3,junction,29
391,198.33333333333334,344.6666666666667,3,junction,31
392,198.0,453.0,1,endpoint,37
393,198.66666666666666,484.6666666666667,3,junction,39
394,198.0,533.0,3,junction,37
395,199.0,181.0,3,junction,36
396,200.0,199.0,4,junction,35
397,199.0,474.0,1,endpoint,39
398,200.66666666666666,370.6666666666667,3,junction,31
399,200.0,397.0,1,endpoint,36
400,200.66666666666666,507.6666666666667,3,junction,37
401,201.0,367.0,1,endpoint,32
402,201.33333333333334,420.6666666666667,3,junction,35
403,201.33333333333334,479.3333333333333,3,junction,38
404,202.33333333333334,188.66666666666666,3,junction,35
405,202.33333333333334,209.66666666666666,3,junction,34
406,202.0,258.0,3,junction,35
407,202.0,562.0,3,junction,39
408,205.08333333333334,584.0,5,junction,40
409,202.0,618.0,1,endpoint,40
410,203.0,261.0,1,endpoint,36
411,203.0,303.0,1,endpoint,31
412,204.0,348.25,3,junction,30
413,204.0,371.8,3,junction,30
414,203.0,396.0,1,endpoint,32
415,203.33333333333334,405.3333333333333,3,junction,34
416,203.0,439.0,1,endpoint,37
417,204.0,198.0,1,endpoint,36
418,204.0,286.0,1,endpoint,32
419,205.42857142857142,290.0,4,junction,31
420,204.66666666666666,603.6666666666666,3,junction,41
421,204.0,615.0,1,endpoint,41
422,205.5,171.5,2,junction,37
423,205.66666666666666,301.6666666666667,3,junction,30
424,206.0,332.75,3,junction,31
425,206.0,471.25,3,junction,38
426,206.28571428571428,548.8571428571429,4,junction,38
427,206.0,165.0,1,endpoint,38
428,206.33333333333334,254.33333333333334,3,junction,35
429,206.0,327.0,1,endpoint,32
430,206.0,427.0,1,endpoint,36
431,206.0,475.0,3,junction,37
432,207.66666666666666,315.6666666666667,3,junction,28
433,207.0,571.0,3,junction,40
434,207.0,601.0,1,endpoint,42
435,208.0,605.25,3,junction,40
436,207.75,615.0,3,junction,40
437,207.75,645.0,3,junction,39
438,209.5,165.5,4,junction,37
439,208.75,172.0,3,junction,36
440,208.0,266.0,1,endpoint,34
441,208.33333333333334,381.6666666666667,3,junction,31
442,210.83333333333334,425.5,6,junction,35
443,208.66666666666666,431.6666666666667,3,junction,36
444,208.0,594.0,1,endpoint,41
445,210.0,622.0,5,junction,39
446,209.0,157.0,1,endpoint,38
447,209.25,307.0,3,junction,29
448,210.0,569.75,3,junction,39
449,211.0,287.75,3,junction,32
450,210.0,333.0,1,endpoint,32
451,210.0,458.0,1,endpoint,37
452,210.0,468.0,3,junction,38
453,211.0,495.5,4,junction,38
454,210.0,566.0,1,endpoint,40
455,210.0,653.0,1,endpoint,41
456,211.66666666666666,253.66666666666666,3,junction,34
457,211.33333333333334,649.3333333333334,3,junction,40
458,212.66666666666666,235.66666666666666,3,junction,34
459,212.0,366.0,3,junction,29
460,212.0,419.0,1,endpoint,36
461,212.75,458.0,3,junction,36
462,214.5,449.0,4,junction,35
463,214.0,465.75,3,junction,37
464,213.0,471.0,1,endpoint,39
465,213.0,499.0,1,endpoint,39
466,214.66666666666666,190.33333333333334,3,junction,34
467,214.66666666666666,213.33333333333334,3,junction,33
468,215.0,275.25,3,junction,32
469,215.0,404.75,3,junction,33
470,216.0909090909091,521.8181818181819,4,junction,36
471,214.0,556.0,1,endpoint,39
472,214.25,629.0,3,junction,38
473,215.0,146.0,1,endpoint,37
474,215.25,220.0,3,junction,34
475,215.33333333333334,260.6666666666667,3,junction,33
476,216.0,343.75,3,junction,29
477,215.66666666666666,544.6666666666666,3,junction,37
478,216.0,300.0,1,endpoint,32
479,216.0,387.0,3,junction,32
480,216.33333333333334,490.3333333333333,2,junction,37
481,217.0,538.0,2,junction,36
482,217.33333333333334,181.33333333333334,3,junction,35
483,217.33333333333334,337.6666666666667,3,junction,28
484,217.25,408.0,3,junction,34
485,218.25,506.25,2,junction,37
486,217.0,561.0,1,endpoint,39
487,220.5,347.1,3,junction,29
488,218.33333333333334,565.6666666666666,3,junction,38
489,219.66666666666666,164.66666666666666,3,junction,36
490,219.0,205.0,3,junction,33
491,219.0,209.0,3,junction,32
492,219.0,242.0,3,junction,33
493,219.66666666666666,261.6666666666667,3,junction,32
494,219.66666666666666,291.3333333333333,3,junction,32
495,219.0,558.0,1,endpoint,38
496,219.66666666666666,601.6666666666666,3,junction,39
497,220.0,294.0,3,junction,31
498,221.28571428571428,324.85714285714283,4,junction,27
499,221.0,471.25,3,junction,36
500,220.0,543.0,1,endpoint,37
501,221.0,545.75,3,junction,36
502,221.0,428.0,1,endpoint,36
503,221.0,576.0,1,endpoint,40
504,221.66666666666666,584.6666666666666,3,junction,39
505,222.0,135.0,1,endpoint,37
506,222.0,258.0,1,endpoint,33
507,222.0,288.0,1,endpoint,33
508,222.0,338.0,1,endpoint,29
509,222.0,350.0,1,endpoint,30
510,222.0,379.0,1,endpoint,31
511,225.0,407.9,5,junction,34
512,222.33333333333334,487.6666666666667,3,junction,36
513,223.75,242.0,3,junction,32
514,223.33333333333334,523.3333333333334,3,junction,35
515,223.33333333333334,561.3333333333334,3,junction,37
516,223.0,663.0,1,endpoint,40
517,224.75,151.0,4,junction,36
518,224.33333333333334,176.66666666666666,3,junction,35
519,224.0,311.0,1,endpoint,31
520,225.25,319.25,2,junction,28
521,224.0,404.0,1,endpoint,35
522,224.25,612.0,3,junction,38
523,224.0,639.0,1,endpoint,39
524,224.33333333333334,651.3333333333334,3,junction,39
525,225.25,155.0,3,junction,35
526,225.0,226.0,1,endpoint,35
527,225.75,299.25,4,junction,30
528,225.66666666666666,382.3333333333333,3,junction,30
529,225.0,385.0,3,junction,31
530,225.0,412.0,1,endpoint,35
531,225.0,470.0,1,endpoint,37
532,226.0,273.0,3,junction,31
533,226.75,311.0,3,junction,30
534,226.66666666666666,488.3333333333333,3,junction,35
535,226.0,498.0,3,junction,37
536,228.0,177.25,3,junction,34
537,227.75,347.0,3,junction,28
538,227.0,477.0,3,junction,35
539,227.33333333333334,491.6666666666667,3,junction,36
540,227.33333333333334,588.3333333333334,3,junction,38
541,228.0,184.0,1,endpoint,35
542,228.66666666666666,273.3333333333333,3,junction,30
543,228.0,316.0,3,junction,29
544,228.6,351.0,2,junction,29
545,229.0,401.0,2,junction,33
546,228.0,480.0,3,junction,34
547,228.75,561.0,3,junction,36
548,228.0,612.0,3,junction,37
549,230.25,342.25,2,junction,27
550,231.16666666666666,362.1666666666667,4,junction,28
551,230.33333333333334,393.3333333333333,3,junction,32
552,230.33333333333334,409.3333333333333,3,junction,33
553,230.75,588.0,3,junction,37
554,231.0,133.0,1,endpoint,37
555,232.0,156.25,3,junction,34
556,231.0,426.0,3,junction,33
557,231.0,460.0,1,endpoint,35
558,232.25,463.25,2,junction,35
559,232.0,495.25,3,junction,35
560,231.75,548.0,4,junction,35
561,232.85714285714286,648.7142857142857,4,junction,38
562,232.0,191.0,1,endpoint,34
563,232.0,353.0,1,endpoint,28
564,232.75,628.0,3,junction,37
565,233.0,128.0,1,endpoint,36
566,234.0,136.25,3,junction,36
567,234.0,234.75,3,junction,31
568,233.66666666666666,296.6666666666667,3,junction,30
569,233.75,314.0,3,junction,30
570,233.0,393.0,1,endpoint,33
571,233.33333333333334,444.6666666666667,3,junction,34
572,233.0,498.0,1,endpoint,36
573,233.0,503.0,1,endpoint,38
574,235.5,523.0,4,junction,34
575,234.33333333333334,140.66666666666666,3,junction,37
576,234.0,165.0,1,endpoint,35
577,234.66666666666666,191.33333333333334,3,junction,33
578,235.0,197.75,3,junction,32
579,234.75,254.0,3,junction,31
580,234.66666666666666,460.3333333333333,3,junction,34
581,234.33333333333334,569.3333333333334,3,junction,36
582,234.25,580.0,3,junction,36
583,234.0,605.0,1,endpoint,38
584,236.0,176.75,3,junction,33
585,235.33333333333334,358.3333333333333,3,junction,27
586,235.0,505.0,1,endpoint,36
587,236.0,172.0,1,endpoint,34
588,236.33333333333334,215.33333333333334,3,junction,31
589,236.75,221.25,2,junction,32
590,236.25,226.0,3,junction,32
591,236.25,287.0,3,junction,29
592,236.0,318.0,1,endpoint,31
593,236.25,334.0,3,junction,26
594,236.0,375.0,3,junction,29
595,237.0,592.25,3,junction,36
596,237.25,133.0,3,junction,35
597,237.0,142.0,1,endpoint,38
598,237.6,619.2,4,junction,36
599,238.0,322.0,1,endpoint,28
600,239.0,446.25,3,junction,33
601,238.0,506.0,3,junction,35
602,238.0,560.0,1,endpoint,37
603,238.66666666666666,648.6666666666666,3,junction,39
604,239.33333333333334,264.6666666666667,3,junction,30
605,239.0,391.0,1,endpoint,31
606,239.0,475.0,1,endpoint,34
607,239.0,597.0,1,endpoint,37
608,240.0,452.0,3,junction,33
609,241.0,505.0,2,junction,35
610,240.66666666666666,579.6666666666666,3,junction,35
611,242.0,178.5,4,junction,32
612,241.0,246.0,3,junction,31
613,241.25,306.0,3,junction,29
614,241.0,424.0,1,endpoint,33
615,241.6,478.0,4,junction,33
616,242.0,558.75,3,junction,36
617,242.0,128.0,1,endpoint,35
618,242.0,202.0,3,junction,31
619,242.66666666666666,213.66666666666666,3,junction,30
620,242.33333333333334,240.66666666666666,3,junction,30
621,242.66666666666666,356.6666666666667,3,junction,26
622,242.0,404.0,1,endpoint,33
623,242.0,468.0,1,endpoint,34
624,243.25,472.25,2,junction,34
625,243.0,498.25,3,junction,34
626,243.0,120.0,1,endpoint,36
627,243.66666666666666,391.6666666666667,3,junction,30
628,243.75,409.0,3,junction,32
629,244.66666666666666,426.3333333333333,3,junction,32
630,243.0,556.0,1,endpoint,37
631,244.0,644.75,3,junction,38
632,244.0,248.0,1,endpoint,32
633,244.66666666666666,285.6666666666667,3,junction,28
634,244.0,405.0,3,junction,32
635,244.0,437.0,1,endpoint,33
636,244.0,539.0,1,endpoint,36
637,244.0,638.0,1,endpoint,39
638,245.66666666666666,120.33333333333333,3,junction,35
639,246.57142857142858,131.42857142857142,5,junction,34
640,246.0,265.8,3,junction,29
641,245.0,315.0,1,endpoint,28
642,245.75,336.0,3,junction,25
643,245.66666666666666,468.3333333333333,3,junction,33
644,245.33333333333334,545.3333333333334,3,junction,35
645,245.0,581.0,1,endpoint,36
646,246.0,227.0,1,endpoint,33
647,247.0,305.5,3,junction,28
648,246.25,417.0,3,junction,31
649,247.16666666666666,562.1666666666666,4,junction,35
650,246.66666666666666,625.3333333333334,3,junction,37
651,246.0,632.0,1,endpoint,39
652,246.33333333333334,656.3333333333334,3,junction,40
653,247.75,160.0,3,junction,33
654,247.875,316.125,5,junction,27
655,247.75,379.75,4,junction,29
656,247.33333333333334,398.6666666666667,3,junction,31
657,247.0,440.0,3,junction,32
658,247.0,554.0,1,endpoint,36
659,247.0,666.0,1,endpoint,41
660,249.0,352.5,3,junction,25
661,248.25,462.0,3,junction,32
662,248.8,631.0,4,junction,38
663,250.85714285714286,163.57142857142858,4,junction,32
664,250.0,184.25,3,junction,31
665,249.66666666666666,493.6666666666667,3,junction,33
666,250.6,598.8,4,junction,35
667,250.66666666666666,303.6666666666667,3,junction,27
668,250.75,327.75,2,junction,26
669,250.33333333333334,488.3333333333333,3,junction,32
670,250.75,522.0,3,junction,33
671,251.33333333333334,191.66666666666666,3,junction,30
672,251.0,509.0,1,endpoint,34
673,252.0,306.0,1,endpoint,28
674,252.0,357.0,1,endpoint,26
675,252.0,377.0,3,junction,28
676,253.0,398.75,3,junction,30
677,252.0,698.0,1,endpoint,42
678,254.0,131.75,3,junction,35
679,254.0,264.75,3,junction,28
680,253.0,373.0,3,junction,27
681,253.0,395.0,1,endpoint,31
682,253.6,499.2,2,junction,34
683,253.75,509.0,3,junction,33
684,254.0,563.8,3,junction,34
685,254.0,578.5,4,junction,34
686,253.0,668.0,1,endpoint,39
687,253.0,680.0,1,endpoint,43
688,254.0,129.0,1,endpoint,36
689,254.0,246.0,3,junction,29
690,254.33333333333334,346.3333333333333,3,junction,24
691,254.0,538.0,1,endpoint,35
692,255.66666666666666,114.66666666666667,3,junction,35
693,255.0,172.0,1,endpoint,33
694,255.0,231.0,1,endpoint,31
695,255.66666666666666,462.3333333333333,3,junction,31
696,255.0,631.0,1,endpoint,39
697,256.0,643.75,3,junction,37
698,255.0,693.0,3,junction,41
699,256.0,105.0,1,endpoint,36
700,256.3333333333333,244.66666666666666,3,junction,29
701,256.0,327.0,1,endpoint,27
702,256.75,378.0,3,junction,29
703,256.0,468.0,1,endpoint,32
704,257.0,537.0,4,junction,34
705,256.6666666666667,542.6666666666666,3,junction,34
706,257.0,599.0,4,junction,35
707,256.5,653.25,1,junction,41
708,256.0,699.0,1,endpoint,41
709,257.6666666666667,232.33333333333334,3,junction,30
710,257.0,278.0,1,endpoint,29
711,257.75,316.0,3,junction,26
712,257.0,331.0,1,endpoint,27
713,257.0,391.0,1,endpoint,30
714,257.0,476.0,1,endpoint,31
715,257.0,514.0,3,junction,32
716,257.0,591.0,1,endpoint,36
717,257.0,676.0,1,endpoint,42
718,257.3333333333333,695.3333333333334,3,junction,40
719,258.75,290.0,3,junction,27
720,258.3333333333333,681.3333333333334,3,junction,42
721,259.3333333333333,296.6666666666667,3,junction,26
722,259.75,328.5,4,junction,26
723,259.0,333.0,1,endpoint,27
724,260.0,346.5,3,junction,23
725,259.3333333333333,401.3333333333333,3,junction,29
726,259.0,449.0,1,endpoint,33
727,259.6666666666667,460.6666666666667,3,junction,30
728,259.5,561.5,2,junction,33
729,259.3333333333333,611.3333333333334,3,junction,36
730,260.75,278.0,3,junction,28
731,260.0,313.0,1,endpoint,27
732,260.0,365.0,1,endpoint,28
733,260.0,390.0,1,endpoint,29
734,260.0,410.0,1,endpoint,30
735,260.6666666666667,425.3333333333333,3,junction,30
736,260.25,457.0,3,junction,31
737,260.0,539.0,1,endpoint,35
738,260.6666666666667,620.6666666666666,3,junction,36
739,261.6666666666667,132.66666666666666,3,junction,34
740,261.3333333333333,225.66666666666666,3,junction,29
741,261.0,450.0,3,junction,32
742,261.0,678.0,3,junction,41
743,262.0,119.0,3,junction,34
744,262.6666666666667,179.66666666666666,3,junction,31
745,262.6666666666667,437.3333333333333,3,junction,31
746,262.0,639.0,1,endpoint,37
747,263.3333333333333,268.3333333333333,3,junction,27
748,263.3333333333333,321.3333333333333,3,junction,25
749,263.0,374.0,1,endpoint,30
750,264.0,484.75,3,junction,31
751,264.5,578.5,4,junction,33
752,263.6666666666667,665.3333333333334,3,junction,38
753,264.0,675.75,3,junction,40
754,264.0,95.0,1,endpoint,35
755,264.6666666666667,298.3333333333333,3,junction,25
756,264.3333333333333,385.6666666666667,3,junction,28
757,264.3333333333333,480.3333333333333,3,junction,30
758,264.0,575.0,1,endpoint,34
759,264.0,582.0,1,endpoint,34
760,266.125,640.875,5,junction,36
761,264.25,670.0,3,junction,39
762,264.0,701.0,1,endpoint,41
763,265.0,401.0,3,junction,28
764,265.0,434.0,3,junction,30
765,266.0,172.5,2,junction,32
766,266.5,248.75,2,junction,28
767,266.0,529.0,1,endpoint,34
768,266.0,590.0,1,endpoint,35
769,266.3333333333333,595.6666666666666,3,junction,34
770,267.6666666666667,202.33333333333334,3,junction,29
771,267.0,502.0,1,endpoint,33
772,268.14285714285717,660.8571428571429,4,junction,37
773,268.0,88.0,1,endpoint,35
774,268.3333333333333,411.6666666666667,3,junction,29
775,269.0,473.25,3,junction,29
776,270.0,103.25,3,junction,34
777,269.6666666666667,321.3333333333333,3,junction,24
778,270.0,577.75,3,junction,32
779,269.0,678.0,1,endpoint,41
780,271.5,163.0,4,junction,31
781,270.3333333333333,392.3333333333333,3,junction,27
782,271.42857142857144,498.0,4,junction,32
783,270.0,522.0,1,endpoint,33
784,270.6666666666667,552.6666666666666,3,junction,32
785,270.0,668.0,1,endpoint,40
786,271.25,325.0,3,junction,23
787,272.5,544.5,4,junction,33
788,273.5,612.5,4,junction,36
789,274.0,114.0,4,junction,33
790,272.3333333333333,343.6666666666667,3,junction,22
791,272.0,450.0,1,endpoint,32
792,272.0,609.0,1,endpoint,37
793,272.0,666.0,1,endpoint,38
794,273.0,151.0,1,endpoint,33
795,275.0,510.0,4,junction,31
796,273.6666666666667,522.3333333333334,3,junction,32
797,273.75,529.0,3,junction,33
798,273.0,616.0,1,endpoint,37
799,274.75,392.0,3,junction,26
800,274.3333333333333,627.3333333333334,3,junction,35
801,276.0,145.25,3,junction,33
802,275.75,151.0,3,junction,32
803,275.3333333333333,189.33333333333334,3,junction,30
804,275.3333333333333,192.66666666666666,3,junction,30
805,275.0,378.0,1,endpoint,25
806,275.0,490.0,1,endpoint,33
807,277.0,689.0,4,junction,39
808,277.5,91.5,4,junction,34
809,276.25,122.0,3,junction,34
810,276.25,309.0,3,junction,24
811,276.0,484.0,1,endpoint,30
812,276.75,677.0,2,junction,38
813,276.75,694.0,3,junction,40
814,276.0,706.0,1,endpoint,41
815,277.0,83.0,1,endpoint,35
816,278.0,227.8,3,junction,28
817,277.0,287.0,3,junction,25
818,277.6666666666667,376.6666666666667,3,junction,24
819,277.3333333333333,535.6666666666666,3,junction,34
820,277.25,561.0,3,junction,31
821,279.0,165.25,3,junction,30
822,278.75,211.0,3,junction,28
823,279.0,243.75,3,junction,27
824,278.3333333333333,464.6666666666667,3,junction,28
825,278.3333333333333,590.6666666666666,3,junction,33
826,279.0,612.8,3,junction,35
827,278.25,623.0,3,junction,34
828,279.5,662.6666666666666,4,junction,37
829,279.0,122.0,1,endpoint,35
830,279.6666666666667,327.3333333333333,3,junction,23
831,280.0,433.75,3,junction,29
832,279.0,482.0,1,endpoint,29
833,279.0,549.0,1,endpoint,34
834,280.75,133.25,2,junction,33
835,281.5,143.66666666666666,4,junction,32
836,280.0,200.0,1,endpoint,31
837,280.3333333333333,382.3333333333333,3,junction,25
838,280.0,428.0,1,endpoint,30
839,280.6666666666667,486.6666666666667,3,junction,29
840,281.0,415.0,3,junction,29
841,281.6666666666667,645.3333333333334,3,junction,36
842,282.0,100.0,1,endpoint,35
843,283.0,103.0,2,junction,34
844,282.0,334.0,1,endpoint,24
845,282.0,417.0,1,endpoint,30
846,282.0,483.0,3,junction,28
847,282.0,637.0,1,endpoint,36
848,283.6666666666667,280.6666666666667,3,junction,26
849,283.0,606.0,1,endpoint,36
850,283.0,623.0,3,junction,33
851,284.0,80.0,1,endpoint,34
852,285.0,248.8,3,junction,26
853,285.0,264.75,3,junction,26
854,284.0,451.0,3,junction,27
855,284.0,709.0,1,endpoint,42
856,286.0,433.5,3,junction,28
857,286.0,490.25,3,junction,29
858,286.0,509.75,3,junction,30
859,285.0,536.0,1,endpoint,35
860,285.3333333333333,641.3333333333334,3,junction,35
861,286.3333333333333,180.66666666666666,3,junction,29
862,286.75,293.0,3,junction,24
863,287.0,310.25,3,junction,23
864,287.0,402.25,3,junction,27
865,286.75,562.0,3,junction,30
866,286.0,591.0,3,junction,32
867,286.6666666666667,688.6666666666666,3,junction,39
868,287.0,154.0,1,endpoint,33
869,287.3333333333333,221.66666666666666,3,junction,27
870,288.0,283.3333333333333,1,junction,27
871,287.0,364.0,1,endpoint,24
872,287.0,672.0,1,endpoint,39
873,287.6666666666667,707.6666666666666,3,junction,41
874,288.8,163.4,2,junction,31
875,288.25,267.0,3,junction,25
876,289.0,411.75,3,junction,28
877,290.0,674.0,4,junction,38
878,290.75,93.0,3,junction,33
879,290.3333333333333,319.6666666666667,3,junction,22
880,290.25,471.0,3,junction,27
881,290.0,581.0,3,junction,31
882,290.6666666666667,664.3333333333334,3,junction,37
883,291.0,691.25,3,junction,40
884,291.6666666666667,82.33333333333333,3,junction,33
885,292.5,117.0,4,junction,32
886,291.0,290.0,1,endpoint,25
887,291.6666666666667,380.3333333333333,3,junction,25
888,291.0,553.0,1,endpoint,31
889,293.0,183.25,3,junction,28
890,292.75,222.0,3,junction,26
891,292.8,245.4,2,junction,25
892,293.0,511.25,3,junction,29
893,294.55555555555554,544.2222222222222,2,junction,31
894,292.0,549.0,1,endpoint,32
895,292.6666666666667,566.3333333333334,3,junction,29
896,292.0,584.0,1,endpoint,32
897,293.0,239.0,1,endpoint,26
898,293.75,402.0,3,junction,26
899,293.3333333333333,571.6666666666666,3,junction,30
900,293.0,649.0,1,endpoint,36
901,294.0,108.0,3,junction,33
902,296.44444444444446,634.8888888888889,5,junction,34
903,295.3333333333333,104.33333333333333,3,junction,32
904,295.0,173.0,1,endpoint,31
905,296.4,253.2,2,junction,25
906,295.0,257.0,1,endpoint,26
907,295.6666666666667,298.3333333333333,3,junction,23
908,296.0,345.25,3,junction,21
909,295.0,620.0,1,endpoint,34
910,297.0,140.75,3,junction,31
911,297.0,181.75,3,junction,29
912,296.0,303.0,3,junction,22
913,297.0,322.8,3,junction,21
914,296.75,370.0,3,junction,23
915,297.0,375.75,3,junction,24
916,297.0,532.8,3,junction,29
917,296.3333333333333,601.6666666666666,3,junction,32
918,296.75,650.0,3,junction,35
919,297.3333333333333,194.66666666666666,3,junction,27
920,297.25,228.0,3,junction,25
921,297.0,539.0,3,junction,30
922,299.625,249.125,4,junction,24
923,298.0,430.0,3,junction,27
924,298.0,658.0,3,junction,36
925,300.77777777777777,155.33333333333334,3,junction,31
926,299.3333333333333,175.33333333333334,3,junction,30
927,299.25,360.0,4,junction,22
928,299.6666666666667,468.6666666666667,3,junction,26
929,299.6666666666667,489.3333333333333,3,junction,28
930,300.0,601.2,4,junction,31
931,300.6,720.0,1,junction,42
932,300.0,123.0,1,endpoint,32
933,300.25,143.0,3,junction,30
934,300.75,161.0,3,junction,30
935,300.6666666666667,293.6666666666667,3,junction,23
936,300.6666666666667,558.6666666666666,3,junction,28
937,300.6666666666667,713.3333333333334,3,junction,41
938,301.3333333333333,119.66666666666667,3,junction,31
939,301.0,253.0,1,endpoint,25
940,301.0,364.0,1,endpoint,23
941,302.0,430.25,3,junction,26
942,301.0,461.0,3,junction,26
943,301.25,464.0,3,junction,25
944,301.3333333333333,623.3333333333334,3,junction,33
945,302.0,657.8,3,junction,35
946,302.0,69.0,1,endpoint,34
947,302.0,94.0,1,endpoint,32
948,302.6666666666667,200.33333333333334,3,junction,26
949,303.57142857142856,486.42857142857144,4,junction,27
950,302.75,583.0,2,junction,30
951,304.0,377.25,3,junction,23
952,303.0,409.0,1,endpoint,27
953,303.0,579.0,3,junction,29
954,304.0,157.0,1,endpoint,32
955,304.75,272.0,3,junction,24
956,304.3333333333333,451.3333333333333,3,junction,25
957,304.0,480.0,1,endpoint,28
958,305.3333333333333,509.5,4,junction,28
959,304.6666666666667,527.6666666666666,3,junction,28
960,305.0,84.0,1,endpoint,32
961,306.0,103.75,3,junction,31
962,305.0,210.0,3,junction,25
963,305.25,342.0,3,junction,20
964,305.75,695.0,3,junction,39
965,306.6666666666667,69.33333333333333,3,junction,33
966,307.0,170.4,4,junction,29
967,306.75,523.75,2,junction,29
968,306.6666666666667,675.3333333333334,3,junction,38
969,307.2,316.4,4,junction,21
970,307.0,407.0,1,endpoint,25
971,307.3333333333333,548.3333333333334,3,junction,29
972,307.25,618.75,4,junction,32
973,308.0,664.8,3,junction,36
974,307.0,734.0,1,endpoint,44
975,308.0,79.0,3,junction,32
976,308.0,679.0,1,endpoint,39
977,308.0,702.0,3,junction,40
978,309.6666666666667,123.33333333333333,3,junction,30
979,309.0,132.0,1,endpoint,31
980,309.0,173.0,1,endpoint,30
981,309.0,185.0,1,endpoint,30
982,309.75,232.0,3,junction,24
983,309.3333333333333,279.3333333333333,3,junction,23
984,309.0,321.0,1,endpoint,22
985,309.75,407.0,3,junction,24
986,309.0,428.0,3,junction,25
987,309.6666666666667,487.3333333333333,3,junction,28
988,310.0,672.75,3,junction,37
989,310.0,691.8,3,junction,38
990,310.6,82.0,4,junction,31
991,310.75,145.0,3,junction,29
992,310.75,360.0,3,junction,23
993,310.0,732.0,3,junction,43
994,311.0,356.0,1,endpoint,24
995,311.3333333333333,410.6666666666667,3,junction,24
996,311.75,548.0,3,junction,28
997,311.0,695.0,1,endpoint,39
998,312.0,728.0,2,junction,42
999,311.0,734.0,1,endpoint,44
1000,313.0,211.25,3,junction,24
1001,313.0,76.0,1,endpoint,32
1002,313.75,132.0,3,junction,30
1003,314.0,190.0,2,junction,27
1004,313.6666666666667,299.3333333333333,3,junction,22
1005,313.0,613.0,1,endpoint,33
1006,313.0,667.0,1,endpoint,37
1007,314.0,475.0,1,endpoint,27
1008,315.0,129.0,3,junction,30
1009,315.75,169.0,3,junction,28
1010,315.3333333333333,367.3333333333333,3,junction,22
1011,316.0,255.0,3,junction,23
1012,316.75,280.0,3,junction,22
1013,317.1666666666667,393.1666666666667,4,junction,23
1014,316.3333333333333,413.3333333333333,3,junction,23
1015,316.0,416.0,1,endpoint,24
1016,317.0,429.25,3,junction,24
1017,316.6666666666667,688.6666666666666,3,junction,37
1018,317.6666666666667,66.66666666666667,3,junction,32
1019,318.0,342.25,3,junction,19
1020,317.0,500.0,1,endpoint,29
1021,317.3333333333333,534.3333333333334,3,junction,27
1022,318.0,701.75,3,junction,40
1023,317.0,719.0,1,endpoint,42
1024,318.0,64.0,1,endpoint,33
1025,319.0,152.85714285714286,4,junction,28
1026,318.0,293.0,1,endpoint,23
1027,318.75,475.75,2,junction,26
1028,318.6666666666667,598.6666666666666,3,junction,30
1029,318.6666666666667,649.6666666666666,3,junction,34
1030,318.0,699.0,1,endpoint,41
1031,319.6666666666667,175.33333333333334,3,junction,27
1032,319.6666666666667,179.66666666666666,3,junction,26
1033,319.6666666666667,242.33333333333334,3,junction,23
1034,321.0,255.57142857142858,4,junction,22
1035,319.0,361.0,1,endpoint,21
1036,319.75,583.0,4,junction,28
1037,320.57142857142856,722.1428571428571,4,junction,41
1038,320.6666666666667,128.33333333333334,3,junction,29
1039,320.0,131.0,1,endpoint,30
1040,320.0,448.0,1,endpoint,26
1041,320.5,590.5,2,junction,29
1042,320.8333333333333,641.3333333333334,4,junction,33
1043,321.6666666666667,361.3333333333333,3,junction,20
1044,323.0,367.0,4,junction,21
1045,323.0,484.375,4,junction,27
1046,322.0,565.0,4,junction,27
1047,323.5,106.0,4,junction,30
1048,322.0,143.0,1,endpoint,30
1049,323.0,309.25,3,junction,21
1050,322.6666666666667,315.6666666666667,3,junction,20
1051,322.0,488.0,1,endpoint,28
1052,322.6666666666667,530.6666666666666,3,junction,26
1053,322.0,560.0,3,junction,28
1054,323.3333333333333,627.3333333333334,3,junction,32
1055,324.0,69.25,3,junction,31
1056,323.6666666666667,109.66666666666667,3,junction,29
1057,324.42857142857144,462.0,4,junction,24
1058,323.6666666666667,473.3333333333333,3,junction,25
1059,324.0,660.25,3,junction,35
1060,324.5,79.5,2,junction,31
1061,324.3333333333333,144.33333333333334,3,junction,29
1062,324.25,320.0,3,junction,19
1063,325.0,341.75,3,junction,18
1064,325.0,451.25,3,junction,25
1065,325.5,674.5,4,junction,36
1066,325.25,477.0,3,junction,26
1067,325.0,696.0,1,endpoint,38
1068,326.3333333333333,384.6666666666667,3,junction,22
1069,326.0,493.0,1,endpoint,28
1070,326.0,555.0,1,endpoint,29
1071,326.25,620.0,3,junction,31
1072,327.0,56.0,1,endpoint,32
1073,328.0,80.25,3,junction,30
1074,327.0,203.0,1,endpoint,25
1075,327.0,237.0,3,junction,23
1076,328.6666666666667,124.66666666666667,3,junction,28
1077,330.22222222222223,166.44444444444446,3,junction,28
1078,328.3333333333333,188.33333333333334,3,junction,25
1079,328.75,428.0,3,junction,23
1080,329.0,507.25,3,junction,27
1081,329.5,58.5,2,junction,31
1082,329.0,96.0,1,endpoint,30
1083,329.6666666666667,201.66666666666666,3,junction,24
1084,330.1666666666667,403.1666666666667,4,junction,22
1085,329.3333333333333,445.6666666666667,3,junction,24
1086,329.6666666666667,492.6666666666667,3,junction,27
1087,329.0,589.0,1,endpoint,29
1088,330.3333333333333,65.66666666666667,3,junction,30
1089,331.0,212.5,4,junction,23
1090,331.25,708.25,2,junction,40
1091,331.3333333333333,157.33333333333334,3,junction,27
1092,331.75,288.0,3,junction,21
1093,331.5,475.5,2,junction,25
1094,332.25,603.75,4,junction,30
1095,331.6666666666667,715.6666666666666,3,junction,40
1096,332.8,95.6,4,junction,29
1097,332.6666666666667,105.66666666666667,3,junction,29
1098,333.0,704.25,3,junction,39
1099,332.25,712.0,3,junction,39
1100,332.0,741.0,1,endpoint,42
1101,333.0,445.0,1,endpoint,25
1102,334.75,538.0,3,junction,25
1103,335.0,354.0,1,endpoint,19
1104,336.0,426.25,3,junction,22
1105,335.0,504.0,3,junction,26
1106,335.0,728.0,1,endpoint,41
1107,335.6666666666667,736.3333333333334,3,junction,40
1108,336.0,741.75,3,junction,41
1109,337.0,135.75,3,junction,28
1110,336.25,298.0,3,junction,20
1111,336.0,432.0,1,endpoint,23
1112,336.3333333333333,677.3333333333334,3,junction,37
1113,336.25,697.0,3,junction,38
1114,337.0,133.0,3,junction,27
1115,337.75,187.0,3,junction,26
1116,338.25,229.25,2,junction,23
1117,337.0,515.0,1,endpoint,27
1118,337.0,651.0,1,endpoint,36
1119,339.0,68.5,4,junction,29
1120,339.0,235.75,3,junction,22
1121,339.0,477.25,3,junction,24
1122,338.0,572.0,1,endpoint,27
1123,338.0,632.0,1,endpoint,35
1124,338.6666666666667,643.6666666666666,3,junction,34
1125,339.6666666666667,261.3333333333333,3,junction,21
1126,339.75,366.0,3,junction,20
1127,340.0,386.25,3,junction,21
1128,339.6666666666667,397.6666666666667,3,junction,22
1129,340.0,526.0,4,junction,26
1130,340.0,168.0,1,endpoint,29
1131,340.0,198.0,1,endpoint,27
1132,341.0,269.75,3,junction,20
1133,342.5,341.0,4,junction,17
1134,340.75,353.0,3,junction,18
1135,340.8,566.4,4,junction,26
1136,340.3333333333333,646.6666666666666,3,junction,35
1137,341.6666666666667,109.33333333333333,3,junction,28
1138,341.0,127.0,1,endpoint,27
1139,341.3333333333333,129.66666666666666,3,junction,26
1140,341.0,401.0,1,endpoint,23
1141,341.0,529.0,1,endpoint,27
1142,341.0,558.0,1,endpoint,26
1143,341.75,624.0,3,junction,32
1144,342.0,674.75,3,junction,36
1145,342.0,121.0,1,endpoint,27
1146,343.0,194.25,3,junction,26
1147,342.0,250.0,1,endpoint,23
1148,342.3333333333333,362.6666666666667,3,junction,19
1149,342.3333333333333,662.3333333333334,3,junction,36
1150,343.0,225.0,1,endpoint,24
1151,343.6666666666667,299.3333333333333,3,junction,19
1152,343.0,315.0,1,endpoint,20
1153,343.0,487.0,1,endpoint,25
1154,343.0,497.0,1,endpoint,25
1155,343.6666666666667,504.3333333333333,3,junction,25
1156,344.0,524.75,3,junction,25
1157,343.0,579.0,1,endpoint,29
1158,343.6666666666667,696.6666666666666,3,junction,37
1159,344.3333333333333,252.33333333333334,3,junction,22
1160,344.6666666666667,319.3333333333333,3,junction,19
1161,346.125,384.75,4,junction,20
1162,344.3333333333333,424.6666666666667,3,junction,21
1163,344.0,510.0,1,endpoint,26
1164,344.0,515.0,1,endpoint,26
1165,344.3333333333333,559.3333333333334,3,junction,25
1166,345.0,613.25,3,junction,31
1167,345.0,180.0,3,junction,26
1168,345.0,292.0,1,endpoint,21
1169,345.6666666666667,316.3333333333333,3,junction,19
1170,346.25,434.25,2,junction,21
1171,345.3333333333333,456.6666666666667,3,junction,23
1172,346.0,571.25,3,junction,27
1173,346.0,576.75,3,junction,28
1174,345.0,740.0,1,endpoint,41
1175,347.42857142857144,119.85714285714286,3,junction,26
1176,346.6666666666667,216.66666666666666,3,junction,22
1177,346.0,324.0,3,junction,18
1178,346.6666666666667,551.3333333333334,3,junction,24
1179,347.6666666666667,293.3333333333333,3,junction,20
1180,348.0,425.25,3,junction,20
1181,347.3333333333333,501.6666666666667,3,junction,24
1182,348.0,115.0,3,junction,27
1183,348.0,448.0,3,junction,22
1184,348.6666666666667,648.3333333333334,3,junction,34
1185,349.0,183.0,1,endpoint,27
1186,349.6666666666667,361.6666666666667,3,junction,19
1187,349.3333333333333,445.6666666666667,3,junction,21
1188,349.3333333333333,651.6666666666666,3,junction,35
1189,351.4,68.6,1,junction,31
1190,350.5,99.5,2,junction,27
1191,350.0,109.0,1,endpoint,28
1192,350.75,160.0,3,junction,26
1193,350.3333333333333,206.33333333333334,2,junction,23
1194,350.0,453.0,1,endpoint,23
1195,350.0,474.0,3,junction,23
1196,351.0,47.0,1,endpoint,31
1197,351.6666666666667,49.666666666666664,3,junction,30
1198,351.25,123.0,3,junction,25
1199,351.6666666666667,150.33333333333334,3,junction,27
1200,351.0,409.0,1,endpoint,20
1201,351.0,603.0,1,endpoint,33
1202,351.6666666666667,611.6666666666666,3,junction,32
1203,352.57142857142856,726.0,4,junction,39
1204,351.8888888888889,741.5555555555555,5,junction,40
1205,351.0,749.0,1,endpoint,41
1206,352.0,327.0,1,endpoint,19
1207,352.3333333333333,717.3333333333334,3,junction,38
1208,355.6666666666667,170.77777777777777,4,junction,25
1209,353.3333333333333,478.3333333333333,3,junction,23
1210,353.6666666666667,501.3333333333333,3,junction,23
1211,353.75,526.0,3,junction,24
1212,354.6666666666667,80.5,4,junction,28
1213,355.0,197.25,3,junction,25
1214,354.25,243.0,3,junction,21
1215,354.0,310.0,3,junction,18
1216,354.0,354.0,1,endpoint,20
1217,354.3333333333333,462.3333333333333,3,junction,22
1218,354.3333333333333,589.3333333333334,3,junction,29
1219,356.0,202.75,3,junction,24
1220,356.4,402.0,4,junction,19
1221,357.0,62.75,3,junction,30
1222,356.25,284.0,3,junction,19
1223,356.75,675.0,3,junction,35
1224,357.0,140.0,1,endpoint,27
1225,358.0,570.0,4,junction,27
1226,357.0,574.0,1,endpoint,28
1227,358.5,690.0,4,junction,36
1228,359.0,87.25,3,junction,27
1229,359.5,242.5,4,junction,20
1230,358.0,381.0,3,junction,19
1231,359.0,424.75,3,junction,19
1232,358.0,458.0,1,endpoint,22
1233,359.0,40.0,1,endpoint,30
1234,359.6666666666667,97.66666666666667,3,junction,26
1235,359.3333333333333,222.33333333333334,3,junction,21
1236,359.6666666666667,540.5,4,junction,23
1237,361.0,140.25,3,junction,26
1238,360.6666666666667,397.6666666666667,3,junction,20
1239,360.0,419.0,1,endpoint,20
1240,360.0,460.0,3,junction,21
1241,360.3333333333333,496.3333333333333,3,junction,22
1242,360.6666666666667,703.6666666666666,3,junction,37
1243,361.75,310.0,3,junction,17
1244,361.0,478.0,1,endpoint,24
1245,361.75,632.0,3,junction,32
1246,362.0,640.75,3,junction,33
1247,361.0,670.0,3,junction,34
1248,361.6666666666667,710.6666666666666,3,junction,37
1249,363.0,338.5,3,junction,16
1250,362.75,365.0,3,junction,18
1251,362.0,400.0,1,endpoint,21
1252,362.25,636.0,3,junction,32
1253,362.0,754.0,1,endpoint,41
1254,363.3333333333333,374.6666666666667,3,junction,18
1255,364.0,495.5,3,junction,21
1256,363.3333333333333,544.3333333333334,3,junction,24
1257,363.75,618.0,3,junction,31
1258,363.3333333333333,706.3333333333334,3,junction,36
1259,364.0,743.25,3,junction,40
1260,364.0,439.0,1,endpoint,20
1261,364.6666666666667,443.3333333333333,3,junction,20
1262,364.0,469.0,1,endpoint,21
1263,365.0,564.0,2,junction,26
1264,364.0,573.0,1,endpoint,28
1265,365.0,587.5,3,junction,28
1266,366.0,74.75,3,junction,29
1267,365.6666666666667,139.66666666666666,3,junction,25
1268,365.0,208.0,1,endpoint,25
1269,366.0,289.25,3,junction,18
1270,366.3333333333333,71.33333333333333,3,junction,29
1271,367.0,132.0,4,junction,24
1272,366.6666666666667,425.3333333333333,3,junction,18
1273,367.3333333333333,440.0,4,junction,19
1274,366.6666666666667,461.3333333333333,3,junction,20
1275,366.6666666666667,467.6666666666667,3,junction,20
1276,366.0,513.0,1,endpoint,22
1277,366.25,613.0,3,junction,30
1278,367.25,109.0,3,junction,25
1279,367.3333333333333,192.66666666666666,3,junction,24
1280,367.25,358.0,3,junction,17
1281,368.0,411.5,4,junction,18
1282,367.3333333333333,599.3333333333334,3,junction,29
1283,368.0,41.0,1,endpoint,31
1284,368.6666666666667,169.33333333333334,3,junction,26
1285,368.0,235.0,1,endpoint,22
1286,368.25,239.0,3,junction,21
1287,368.0,407.0,1,endpoint,19
1288,368.0,481.0,1,endpoint,21
1289,368.3333333333333,559.6666666666666,3,junction,25
1290,368.0,687.0,1,endpoint,37
1291,369.0,54.0,3,junction,29
1292,369.0,78.0,1,endpoint,30
1293,369.4,457.8,4,junction,19
1294,369.0,502.0,1,endpoint,22
1295,370.75,40.25,2,junction,30
1296,371.0,70.75,3,junction,28
1297,370.0,173.0,1,endpoint,27
1298,371.0,422.75,3,junction,17
1299,371.0,516.25,3,junction,21
1300,370.0,530.0,3,junction,22
1301,370.0,652.0,1,endpoint,34
1302,371.0,157.0,1,endpoint,27
1303,372.0,193.8,3,junction,23
1304,372.0,287.75,3,junction,19
1305,371.3333333333333,648.3333333333334,3,junction,33
1306,373.6666666666667,492.8333333333333,4,junction,20
1307,372.6666666666667,560.3333333333334,3,junction,26
1308,373.375,721.625,2,junction,37
1309,372.6666666666667,741.3333333333334,3,junction,39
1310,372.0,756.0,1,endpoint,40
1311,373.6666666666667,90.66666666666667,3,junction,27
1312,374.7142857142857,179.14285714285714,1,junction,26
1313,374.3333333333333,264.3333333333333,3,junction,19
1314,374.0,439.0,1,endpoint,20
1315,376.0,41.4,2,junction,29
1316,375.8,152.4,4,junction,26
1317,375.6666666666667,288.3333333333333,3,junction,19
1318,375.0,316.0,1,endpoint,18
1319,375.75,323.0,3,junction,16
1320,375.0,449.0,1,endpoint,19
1321,375.3333333333333,452.6666666666667,3,junction,18
1322,375.0,543.0,1,endpoint,25
1323,375.0,739.0,3,junction,38
1324,376.0,467.0,1,endpoint,20
1325,377.57142857142856,555.5714285714286,3,junction,25
1326,376.0,701.0,3,junction,35
1327,377.0,118.0,1,endpoint,26
1328,377.6666666666667,132.66666666666666,3,junction,23
1329,377.0,246.0,1,endpoint,21
1330,377.6666666666667,316.3333333333333,3,junction,17
1331,378.0,375.25,3,junction,17
1332,378.0,707.0,2,junction,36
1333,377.25,751.0,3,junction,39
1334,378.3333333333333,160.66666666666666,3,junction,25
1335,378.6666666666667,190.66666666666666,3,junction,24
1336,378.3333333333333,487.3333333333333,3,junction,19
1337,379.8,117.6,2,junction,25
1338,379.0,129.0,1,endpoint,24
1339,379.75,264.0,3,junction,18
1340,379.25,297.0,3,junction,18
1341,379.0,536.0,1,endpoint,24
1342,380.0,614.75,3,junction,29
1343,379.75,631.25,2,junction,31
1344,381.3333333333333,49.0,4,junction,28
1345,380.0,63.0,1,endpoint,28
1346,380.6666666666667,75.33333333333333,3,junction,27
1347,380.6666666666667,105.66666666666667,3,junction,25
1348,380.3333333333333,332.6666666666667,3,junction,15
1349,381.2857142857143,532.4285714285714,4,junction,23
1350,381.2,578.6,4,junction,27
1351,381.3333333333333,79.66666666666667,3,junction,26
1352,381.0,143.0,1,endpoint,28
1353,381.25,148.0,3,junction,27
1354,381.0,180.0,3,junction,25
1355,381.6666666666667,396.6666666666667,3,junction,19
1356,381.8,665.0,4,junction,33
1357,383.0,62.0,4,junction,27
1358,382.25,102.0,3,junction,26
1359,382.3333333333333,219.66666666666666,3,junction,22
1360,383.6666666666667,237.5,4,junction,21
1361,382.3333333333333,393.3333333333333,3,junction,18
1362,383.6666666666667,246.66666666666666,3,junction,20
1363,383.0,527.0,1,endpoint,24
1364,383.0,655.0,3,junction,32
1365,383.0,710.0,1,endpoint,37
1366,384.3333333333333,71.66666666666667,3,junction,26
1367,384.3333333333333,114.66666666666667,3,junction,24
1368,384.0,343.0,1,endpoint,15
1369,384.3333333333333,670.3333333333334,3,junction,34
1370,385.0,733.75,3,junction,37
1371,385.6666666666667,101.66666666666667,3,junction,26
1372,385.0,144.0,1,endpoint,28
1373,385.25,250.0,3,junction,19
1374,386.0,283.8,3,junction,20
1375,385.3333333333333,335.3333333333333,3,junction,14
1376,386.4,453.0,4,junction,17
1377,386.1666666666667,725.6666666666666,4,junction,36
1378,386.0,199.0,1,endpoint,25
1379,386.75,220.0,3,junction,22
1380,386.0,353.0,1,endpoint,18
1381,386.0,443.0,1,endpoint,18
1382,387.0,172.0,3,junction,24
1383,387.0,287.0,1,endpoint,21
1384,387.0,409.0,1,endpoint,20
1385,388.6,594.0,2,junction,28
1386,387.0,712.0,1,endpoint,36
1387,387.6666666666667,751.3333333333334,3,junction,38
1388,388.0,56.0,1,endpoint,28
1389,388.6666666666667,134.66666666666666,3,junction,22
1390,388.3333333333333,223.66666666666666,3,junction,21
1391,389.0,300.6,2,junction,18
1392,388.0,643.0,1,endpoint,32
1393,388.3333333333333,688.6666666666666,3,junction,34
1394,390.0,118.25,3,junction,23
1395,390.6,355.8,2,junction,15
1396,389.0,668.0,1,endpoint,35
1397,389.6666666666667,714.3333333333334,3,junction,35
1398,389.0,764.0,1,endpoint,38
1399,390.0,194.0,1,endpoint,24
1400,391.0,544.75,3,junction,24
1401,390.0,562.0,1,endpoint,26
1402,391.3333333333333,137.33333333333334,3,junction,21
1403,391.0,281.0,1,endpoint,21
1404,391.0,353.0,1,endpoint,16
1405,391.0,389.0,1,endpoint,20
1406,391.5,392.5,2,junction,19
1407,391.0,540.0,3,junction,23
1408,392.75,370.0,3,junction,16
1409,392.0,558.0,1,endpoint,27
1410,393.0,646.0,4,junction,31
1411,392.3333333333333,759.6666666666666,3,junction,37
1412,393.25,95.0,3,junction,25
1413,393.25,301.75,2,junction,17
1414,393.3333333333333,480.3333333333333,3,junction,18
1415,394.75,52.0,3,junction,27
1416,394.0,62.0,1,endpoint,27
1417,395.25,81.0,2,junction,26
1418,394.0,105.0,1,endpoint,27
1419,394.3333333333333,252.33333333333334,3,junction,20
1420,394.6666666666667,595.3333333333334,3,junction,28
1421,395.6,47.8,2,junction,26
1422,395.0,240.0,1,endpoint,22
1423,395.0,260.0,1,endpoint,21
1424,395.6666666666667,357.3333333333333,3,junction,14
1425,395.75,557.0,3,junction,26
1426,396.0,689.25,3,junction,33
1427,395.3333333333333,704.6666666666666,3,junction,34
1428,395.6,743.0,4,junction,37
1429,396.6666666666667,74.33333333333333,3,junction,25
1430,397.0,301.1666666666667,2,junction,16
1431,397.0,364.75,3,junction,15
1432,396.0,451.0,3,junction,16
1433,396.0,515.0,1,endpoint,22
1434,396.25,636.0,3,junction,30
1435,397.3333333333333,57.666666666666664,3,junction,26
1436,397.0,83.0,1,endpoint,27
1437,398.42857142857144,191.0,4,junction,23
1438,397.3333333333333,550.3333333333334,3,junction,25
1439,398.0,157.0,3,junction,21
1440,398.0,176.0,3,junction,23
1441,398.0,251.0,3,junction,20
1442,398.0,591.0,1,endpoint,29
1443,400.3333333333333,569.3333333333334,3,junction,26
1444,400.0,772.0,1,endpoint,37
1445,401.0,496.0,1,endpoint,19
1446,401.6666666666667,518.3333333333334,3,junction,21
1447,401.6666666666667,633.6666666666666,3,junction,29
1448,401.5,757.3333333333334,1,junction,38
1449,402.6666666666667,59.333333333333336,3,junction,25
1450,403.0,95.8,3,junction,24
1451,402.25,171.0,3,junction,22
1452,402.6666666666667,277.3333333333333,3,junction,17
1453,403.0,423.25,3,junction,16
1454,402.6666666666667,727.3333333333334,3,junction,37
1455,403.25,102.0,3,junction,23
1456,404.0,117.75,3,junction,22
1457,403.6666666666667,227.33333333333334,3,junction,20
1458,403.3333333333333,337.3333333333333,3,junction,13
1459,403.6666666666667,605.6666666666666,3,junction,27
1460,404.3333333333333,439.6666666666667,3,junction,15
1461,404.75,550.25,2,junction,26
1462,404.0,603.0,1,endpoint,28
1463,404.0,623.0,3,junction,28
1464,405.0,738.75,3,junction,36
1465,405.0,194.0,1,endpoint,24
1466,405.6666666666667,476.6666666666667,3,junction,17
1467,405.75,496.0,3,junction,18
1468,405.3333333333333,657.3333333333334,3,junction,32
1469,405.0,661.0,1,endpoint,33
1470,406.25,678.0,2,junction,33
1471,407.5,141.5,4,junction,20
1472,406.0,508.0,3,junction,20
1473,406.6666666666667,525.3333333333334,3,junction,21
1474,407.0,531.75,3,junction,22
1475,406.3333333333333,765.3333333333334,3,junction,36
1476,407.25,128.0,3,junction,21
1477,407.0,197.0,1,endpoint,22
1478,407.3333333333333,231.66666666666666,3,junction,19
1479,408.0,297.75,3,junction,15
1480,407.3333333333333,385.6666666666667,3,junction,16
1481,407.3333333333333,420.6666666666667,3,junction,16
1482,407.25,502.0,3,junction,19
1483,407.6666666666667,620.6666666666666,3,junction,27
1484,408.3333333333333,49.333333333333336,2,junction,25
1485,408.6666666666667,257.3333333333333,3,junction,19
1486,409.0,265.75,3,junction,18
1487,408.8333333333333,471.0,4,junction,16
1488,408.0,702.0,1,endpoint,36
1489,409.2,706.6,4,junction,35
1490,408.0,725.0,1,endpoint,38
1491,409.0,33.0,1,endpoint,26
1492,409.3333333333333,285.3333333333333,3,junction,16
1493,409.0,553.0,1,endpoint,27
1494,409.0,562.0,1,endpoint,26
1495,409.6666666666667,609.6666666666666,4,junction,26
1496,409.3333333333333,681.6666666666666,3,junction,32
1497,411.0,364.8,3,junction,15
1498,411.0,738.5,3,junction,35
1499,412.6,73.2,4,junction,24
1500,411.6666666666667,171.66666666666666,3,junction,21
1501,413.4,500.7,4,junction,19
1502,411.0,510.0,1,endpoint,21
1503,413.0,84.75,3,junction,23
1504,413.0,337.25,3,junction,12
1505,412.0,370.0,1,endpoint,16
1506,414.0,38.6,4,junction,25
1507,414.0,45.75,3,junction,24
1508,413.0,202.0,3,junction,21
1509,414.25,346.0,2,junction,13
1510,413.75,386.0,3,junction,15
1511,413.0,566.0,3,junction,25
1512,413.0,703.0,1,endpoint,36
1513,414.0,116.0,1,endpoint,24
1514,415.0,363.75,3,junction,14
1515,415.4,714.0,2,junction,34
1516,415.0,89.0,1,endpoint,23
1517,415.0,322.0,1,endpoint,15
1518,415.0,505.0,1,endpoint,20
1519,415.75,682.0,3,junction,31
1520,415.3333333333333,748.3333333333334,3,junction,36
1521,416.3333333333333,86.33333333333333,3,junction,22
1522,416.6666666666667,102.33333333333333,3,junction,23
1523,416.6666666666667,252.66666666666666,3,junction,19
1524,416.0,398.0,1,endpoint,15
1525,417.0,520.75,3,junction,20
1526,416.75,540.0,3,junction,23
1527,416.3333333333333,588.6666666666666,3,junction,25
1528,416.6666666666667,659.3333333333334,3,junction,31
1529,416.0,764.0,3,junction,35
1530,417.6666666666667,125.66666666666667,3,junction,22
1531,418.0,163.75,3,junction,20
1532,417.3333333333333,181.33333333333334,3,junction,21
1533,417.0,502.0,1,endpoint,20
1534,417.6666666666667,566.3333333333334,3,junction,24
1535,419.0,71.75,3,junction,23
1536,418.6666666666667,115.33333333333333,3,junction,23
1537,418.0,667.0,1,endpoint,32
1538,418.0,747.0,1,endpoint,37
1539,419.0,97.0,1,endpoint,24
1540,419.0,141.0,1,endpoint,23
1541,419.3333333333333,315.6666666666667,3,junction,14
1542,420.5,396.0,4,junction,14
1543,419.0,515.0,1,endpoint,21
1544,419.6666666666667,765.3333333333334,3,junction,34
1545,421.0,200.75,3,junction,20
1546,420.6666666666667,696.3333333333334,3,junction,32
1547,420.6666666666667,731.6666666666666,3,junction,34
1548,421.25,112.0,3,junction,22
1549,421.0,323.0,1,endpoint,13
1550,421.0,703.0,1,endpoint,32
1551,423.0,128.0,2,junction,23
1552,422.0,165.0,1,endpoint,21
1553,422.3333333333333,723.3333333333334,3,junction,33
1554,423.3333333333333,153.66666666666666,3,junction,19
1555,423.25,241.0,3,junction,18
1556,423.0,253.0,1,endpoint,20
1557,423.6666666666667,269.6666666666667,3,junction,17
1558,423.75,316.0,3,junction,13
1559,424.0,497.75,3,junction,18
1560,424.0,590.3333333333334,4,junction,26
1561,423.3333333333333,700.3333333333334,3,junction,31
1562,424.0,266.0,1,endpoint,18
1563,424.0,319.0,3,junction,12
1564,424.6666666666667,368.3333333333333,3,junction,13
1565,426.75,521.875,5,junction,19
1566,424.0,537.0,1,endpoint,24
1567,424.0,594.0,1,endpoint,27
1568,425.0,629.25,3,junction,27
1569,424.3333333333333,653.6666666666666,3,junction,30
1570,424.6666666666667,675.6666666666666,3,junction,30
1571,425.3333333333333,131.33333333333334,3,junction,22
1572,425.0,362.0,1,endpoint,13
1573,426.0,486.25,3,junction,17
1574,425.0,634.0,1,endpoint,28
1575,425.6666666666667,761.6666666666666,3,junction,33
1576,426.25,375.0,3,junction,14
1577,426.0,582.0,1,endpoint,27
1578,426.0,678.0,1,endpoint,31
1579,426.0,694.0,1,endpoint,33
1580,428.25,65.25,2,junction,23
1581,427.75,73.0,3,junction,22
1582,428.625,180.875,3,junction,20
1583,428.0,206.25,3,junction,19
1584,427.6666666666667,240.66666666666666,3,junction,17
1585,427.3333333333333,363.3333333333333,3,junction,12
1586,427.0,530.0,1,endpoint,20
1587,427.6666666666667,653.6666666666666,3,junction,29
1588,429.0,457.75,3,junction,15
1589,428.6666666666667,558.6666666666666,3,junction,23
1590,428.0,774.0,1,endpoint,35
1591,430.0,131.25,3,junction,21
1592,429.0,170.0,1,endpoint,21
1593,429.3333333333333,554.3333333333334,3,junction,22
1594,430.0,110.0,3,junction,21
1595,430.0,134.0,1,endpoint,22
1596,430.3333333333333,222.33333333333334,3,junction,18
1597,431.0,337.75,3,junction,11
1598,431.0,374.8,3,junction,13
1599,430.8333333333333,420.5,4,junction,15
1600,431.3333333333333,445.5,4,junction,14
1601,430.6666666666667,719.6666666666666,2,junction,32
1602,431.6666666666667,155.33333333333334,3,junction,18
1603,431.0,274.0,3,junction,16
1604,431.6666666666667,285.6666666666667,3,junction,15
1605,431.0,429.0,1,endpoint,16
1606,431.0,502.0,3,junction,18
1607,431.25,648.0,3,junction,28
1608,432.0,176.0,3,junction,20
1609,432.0,297.0,1,endpoint,16
1610,432.0,635.0,1,endpoint,28
1611,432.6666666666667,737.6666666666666,3,junction,35
1612,433.0,746.75,3,junction,34
1613,434.0,58.75,3,junction,24
1614,433.3333333333333,106.66666666666667,3,junction,20
1615,433.0,357.0,3,junction,11
1616,433.0,433.0,1,endpoint,15
1617,434.0,39.0,3,junction,24
1618,434.0,55.0,1,endpoint,25
1619,434.3333333333333,96.33333333333333,3,junction,21
1620,434.0,517.0,1,endpoint,20
1621,435.0,629.25,3,junction,26
1622,435.0,635.0,4,junction,27
1623,434.0,648.0,1,endpoint,29
1624,434.0,671.0,3,junction,29
1625,435.3333333333333,269.3333333333333,3,junction,15
1626,435.75,599.0,3,junction,26
1627,435.3333333333333,740.3333333333334,3,junction,34
1628,436.3333333333333,339.3333333333333,3,junction,10
1629,436.75,482.0,3,junction,16
1630,437.0,27.0,1,endpoint,26
1631,437.75,132.0,3,junction,20
1632,438.0,176.16666666666666,2,junction,19
1633,437.75,248.0,3,junction,16
1634,437.6666666666667,300.3333333333333,3,junction,15
1635,437.6666666666667,309.6666666666667,3,junction,14
1636,438.0,608.75,3,junction,26
1637,437.25,662.0,3,junction,28
1638,438.0,701.6,4,junction,30
1639,438.0,708.75,3,junction,31
1640,438.3333333333333,30.666666666666668,3,junction,25
1641,438.0,139.0,3,junction,19
1642,438.25,252.0,3,junction,15
1643,438.25,595.0,3,junction,25
1644,438.0,731.0,1,endpoint,36
1645,438.0,766.0,3,junction,32
1646,440.25,128.75,4,junction,20
1647,439.0,291.0,3,junction,14
1648,439.6666666666667,419.6666666666667,3,junction,15
1649,439.3333333333333,499.6666666666667,3,junction,17
1650,440.6666666666667,83.33333333333333,3,junction,21
1651,440.6666666666667,193.33333333333334,3,junction,19
1652,440.0,416.0,1,endpoint,16
1653,441.6,780.2,1,junction,33
1654,442.5,200.5,4,junction,18
1655,442.3333333333333,92.66666666666667,3,junction,20
1656,442.75,174.0,3,junction,18
1657,442.0,393.0,3,junction,13
1658,443.6666666666667,573.6666666666666,3,junction,24
1659,442.0,595.0,1,endpoint,26
1660,444.0,217.6,4,junction,17
1661,443.75,546.0,3,junction,21
1662,443.0,728.0,1,endpoint,31
1663,443.0,755.0,1,endpoint,35
1664,444.3333333333333,241.33333333333334,2,junction,17
1665,444.0,315.0,1,endpoint,15
1666,446.0,28.75,3,junction,25
1667,445.0,78.0,3,junction,22
1668,445.25,182.0,3,junction,19
1669,446.0,25.0,1,endpoint,26
1670,446.0,222.0,1,endpoint,18
1671,447.6666666666667,61.333333333333336,3,junction,23
1672,448.6363636363636,115.0909090909091,4,junction,19
1673,448.0,168.6,4,junction,17
1674,447.0,370.0,3,junction,12
1675,447.0,522.0,1,endpoint,19
1676,447.25,617.0,3,junction,25
1677,447.75,737.0,3,junction,33
1678,448.25,146.0,3,junction,20
1679,448.0,151.0,1,endpoint,21
1680,448.0,401.0,1,endpoint,13
1681,449.0,764.25,3,junction,31
1682,449.0,282.0,1,endpoint,14
1683,450.5,395.0,4,junction,12
1684,450.0,420.75,3,junction,14
1685,449.0,678.0,1,endpoint,30
1686,449.0,755.0,1,endpoint,34
1687,451.0,79.75,3,junction,23
1688,450.5,238.0,2,junction,17
1689,450.0,412.0,1,endpoint,15
1690,450.3333333333333,505.3333333333333,3,junction,18
1691,450.0,538.0,3,junction,20
1692,451.25,730.25,2,junction,31
1693,451.3333333333333,57.333333333333336,3,junction,23
1694,451.0,77.0,1,endpoint,24
1695,451.0,121.0,1,endpoint,20
1696,451.0,183.0,1,endpoint,20
1697,451.25,262.0,3,junction,14
1698,451.0,328.0,1,endpoint,11
1699,451.6666666666667,338.6666666666667,3,junction,9
1700,451.0,556.0,1,endpoint,22
1701,452.0,733.75,3,junction,32
1702,452.0,24.0,1,endpoint,25
1703,452.6666666666667,677.6666666666666,3,junction,29
1704,455.5,30.0,4,junction,24
1705,453.0,617.0,3,junction,24
1706,454.0,621.4,2,junction,25
1707,453.5,671.5,2,junction,30
1708,454.5,724.5,4,junction,30
1709,455.0,199.75,3,junction,17
1710,454.0,292.0,3,junction,13
1711,454.6666666666667,694.6666666666666,3,junction,29
1712,455.75,104.0,3,junction,19
1713,455.75,145.0,3,junction,19
1714,455.0,195.0,1,endpoint,18
1715,455.75,287.75,4,junction,13
1716,455.0,328.0,3,junction,10
1717,455.75,505.0,3,junction,19
1718,456.75,81.0,3,junction,22
1719,457.0,87.0,2,junction,23
1720,456.6666666666667,109.66666666666667,3,junction,18
1721,457.0,137.25,3,junction,19
1722,456.0,316.0,1,endpoint,12
1723,456.0,502.0,1,endpoint,20
1724,456.3333333333333,649.3333333333334,3,junction,27
1725,456.0,736.0,1,endpoint,33
1726,457.75,57.0,3,junction,22
1727,457.25,229.0,3,junction,16
1728,458.0,356.0,2,junction,10
1729,457.0,558.0,1,endpoint,23
1730,458.2,586.4,2,junction,23
1731,459.0,157.75,3,junction,18
1732,458.0,353.0,1,endpoint,11
1733,458.3333333333333,687.3333333333334,3,junction,28
1734,459.3333333333333,37.333333333333336,3,junction,23
1735,459.6666666666667,200.33333333333334,3,junction,16
1736,459.0,364.0,1,endpoint,11
1737,459.0,714.0,1,endpoint,30
1738,460.25,423.0,3,junction,13
1739,460.3333333333333,602.6666666666666,3,junction,23
1740,461.0,622.75,2,junction,26
1741,461.0,19.0,1,endpoint,25
1742,461.3333333333333,52.666666666666664,3,junction,22
1743,461.6666666666667,228.66666666666666,3,junction,15
1744,461.75,372.0,3,junction,11
1745,461.0,673.0,1,endpoint,31
1746,462.3333333333333,73.66666666666667,3,junction,21
1747,462.0,88.0,1,endpoint,24
1748,462.6666666666667,364.3333333333333,3,junction,10
1749,463.0,589.25,3,junction,22
1750,464.0,22.25,3,junction,24
1751,463.25,210.0,3,junction,17
1752,463.0,772.0,1,endpoint,32
1753,464.25,219.0,3,junction,16
1754,464.6666666666667,313.6666666666667,3,junction,11
1755,464.0,359.0,3,junction,9
1756,464.6666666666667,644.6666666666666,3,junction,26
1757,465.0,309.0,3,junction,12
1758,466.0,723.75,3,junction,29
1759,466.6666666666667,74.33333333333333,3,junction,20
1760,466.0,164.0,1,endpoint,19
1761,466.75,271.0,3,junction,13
1762,466.6666666666667,318.6666666666667,3,junction,10
1763,466.6666666666667,380.3333333333333,3,junction,10
1764,466.6666666666667,383.6666666666667,3,junction,11
1765,468.0,92.75,3,junction,18
1766,468.0,277.75,3,junction,12
1767,467.0,666.0,1,endpoint,29
1768,469.14285714285717,706.1428571428571,2,junction,28
1769,468.0,246.0,1,endpoint,15
1770,468.6666666666667,527.6666666666666,3,junction,21
1771,469.6666666666667,133.66666666666666,3,junction,18
1772,469.3333333333333,220.33333333333334,3,junction,16
1773,469.0,223.0,1,endpoint,17
1774,469.6666666666667,323.3333333333333,3,junction,9
1775,469.3333333333333,581.6666666666666,3,junction,21
1776,469.6666666666667,744.6666666666666,3,junction,30
1777,470.3333333333333,127.33333333333333,3,junction,17
1778,470.0,157.0,1,endpoint,19
1779,470.0,208.0,1,endpoint,18
1780,471.5,566.5,4,junction,22
1781,472.0,69.75,3,junction,21
1782,471.0,84.0,3,junction,19
1783,471.6666666666667,248.33333333333334,3,junction,14
1784,472.0,345.0,4,junction,8
1785,471.6666666666667,725.3333333333334,3,junction,29
1786,472.25,552.0,3,junction,22
1787,472.75,666.0,3,junction,28
1788,472.3333333333333,701.6666666666666,3,junction,27
1789,472.3333333333333,734.6666666666666,3,junction,29
1790,473.0,420.0,3,junction,12
1791,473.3333333333333,661.3333333333334,3,junction,27
1792,474.0,53.0,3,junction,21
1793,474.75,157.0,3,junction,18
1794,474.75,189.0,3,junction,16
1795,474.6666666666667,193.66666666666666,3,junction,15
1796,474.75,220.75,2,junction,15
1797,474.25,629.0,3,junction,25
1798,475.1666666666667,678.8333333333334,4,junction,27
1799,475.75,40.0,3,junction,22
1800,475.25,153.0,3,junction,17
1801,475.3333333333333,244.66666666666666,3,junction,14
1802,475.3333333333333,516.3333333333334,3,junction,20
1803,475.0,703.0,1,endpoint,28
1804,476.0,72.0,1,endpoint,22
1805,476.0,98.0,3,junction,17
1806,476.25,169.0,3,junction,17
1807,476.6666666666667,722.6666666666666,3,junction,28
1808,477.0,761.75,3,junction,31
1809,478.3333333333333,30.333333333333332,3,junction,23
1810,479.2857142857143,58.142857142857146,4,junction,20
1811,478.6666666666667,628.6666666666666,3,junction,24
1812,478.0,725.0,1,endpoint,29
1813,479.0,98.0,1,endpoint,18
1814,479.0,263.0,1,endpoint,14
1815,479.0,301.0,1,endpoint,14
1816,480.0,311.25,3,junction,11
1817,480.0,234.0,1,endpoint,13
1818,481.8,244.9,5,junction,13
1819,480.0,366.0,1,endpoint,9
1820,480.0,487.0,1,endpoint,20
1821,480.0,686.0,3,junction,26
1822,481.25,170.75,2,junction,16
1823,481.3333333333333,319.6666666666667,3,junction,10
1824,481.6666666666667,466.6666666666667,2,junction,19
1825,481.0,709.0,1,endpoint,28
1826,482.25,669.0,3,junction,28
1827,482.3333333333333,767.3333333333334,3,junction,30
1828,483.5,118.5,4,junction,16
1829,483.0,239.0,3,junction,12
1830,483.75,375.0,3,junction,9
1831,483.3333333333333,559.3333333333334,2,junction,22
1832,483.0,664.0,1,endpoint,29
1833,484.0,131.0,1,endpoint,18
1834,484.6666666666667,512.6666666666666,3,junction,19
1835,484.0,651.0,1,endpoint,27
1836,485.0,18.0,1,endpoint,24
1837,485.0,250.0,1,endpoint,14
1838,485.0,371.0,3,junction,8
1839,485.3333333333333,654.3333333333334,3,junction,26
1840,485.3333333333333,710.3333333333334,3,junction,27
1841,486.0,26.0,3,junction,23
1842,487.3333333333333,130.66666666666666,3,junction,17
1843,487.0,211.0,3,junction,14
1844,487.0,500.0,1,endpoint,20
1845,488.0,244.0,1,endpoint,14
1846,490.0,476.3333333333333,5,junction,19
1847,488.0,616.0,3,junction,23
1848,488.0,749.0,1,endpoint,30
1849,489.0,81.0,1,endpoint,19
1850,490.0,210.8,3,junction,13
1851,489.75,293.0,3,junction,11
1852,489.0,408.0,1,endpoint,12
1853,490.0,585.8,4,junction,20
1854,489.0,598.0,1,endpoint,21
1855,489.75,642.0,3,junction,25
1856,489.25,651.0,3,junction,25
1857,490.75,152.0,3,junction,16
1858,490.3333333333333,502.3333333333333,3,junction,19
1859,491.0,687.8,3,junction,25
1860,491.0,705.75,3,junction,26
1861,490.6666666666667,740.3333333333334,3,junction,28
1862,491.3333333333333,47.666666666666664,3,junction,21
1863,491.875,82.5,5,junction,18
1864,491.0,265.0,1,endpoint,12
1865,491.0,671.0,1,endpoint,29
1866,491.25,744.0,3,junction,29
1867,493.0,72.25,3,junction,19
1868,493.0,171.75,3,junction,15
1869,492.0,481.0,1,endpoint,20
1870,493.0,636.0,2,junction,24
1871,494.0,300.75,3,junction,10
1872,493.3333333333333,554.6666666666666,3,junction,21
1873,493.3333333333333,580.6666666666666,3,junction,21
1874,494.0,651.25,3,junction,24
1875,494.3333333333333,268.3333333333333,3,junction,11
1876,495.0,352.0,4,junction,7
1877,494.0,392.0,1,endpoint,12
1878,494.3333333333333,469.6666666666667,3,junction,18
1879,494.0,477.0,1,endpoint,20
1880,495.0,572.75,3,junction,21
1881,494.0,654.0,1,endpoint,25
1882,495.6666666666667,147.66666666666666,3,junction,17
1883,496.85714285714283,413.0,4,junction,11
1884,495.5,633.5,2,junction,23
1885,496.0,80.0,1,endpoint,19
1886,497.0,112.0,3,junction,15
1887,498.0,556.25,3,junction,20
1888,497.6666666666667,610.3333333333334,3,junction,22
1889,498.3333333333333,30.333333333333332,4,junction,22
1890,498.0,141.0,3,junction,16
1891,498.6666666666667,328.3333333333333,3,junction,9
1892,498.75,390.0,3,junction,11
1893,498.0,393.0,1,endpoint,12
1894,498.0,614.0,1,endpoint,23
1895,498.3333333333333,674.6666666666666,3,junction,24
1896,499.0,100.0,3,junction,17
1897,499.0,197.0,3,junction,13
1898,499.6666666666667,229.33333333333334,3,junction,12
1899,499.6666666666667,232.66666666666666,3,junction,11
1900,499.6666666666667,497.6666666666667,3,junction,18
1901,500.6666666666667,68.66666666666667,3,junction,20
1902,500.3333333333333,103.33333333333333,3,junction,16
1903,500.0,153.0,1,endpoint,18
1904,500.0,258.0,1,endpoint,11
1905,500.3333333333333,263.6666666666667,3,junction,10
1906,500.25,337.0,3,junction,8
1907,501.25,752.75,4,junction,29
1908,502.0,135.0,1,endpoint,16
1909,503.0,176.25,3,junction,14
1910,503.0,413.25,3,junction,10
1911,502.0,579.0,1,endpoint,22
1912,502.75,608.0,3,junction,21
1913,503.0,651.5,4,junction,23
1914,503.0,420.0,1,endpoint,11
1915,503.0,501.0,1,endpoint,19
1916,503.75,631.0,3,junction,22
1917,504.0,22.0,1,endpoint,23
1918,504.3333333333333,136.33333333333334,3,junction,15
1919,504.0,219.0,1,endpoint,13
1920,504.5,227.5,2,junction,13
1921,504.6666666666667,304.3333333333333,3,junction,9
1922,504.0,337.0,1,endpoint,9
1923,504.0,385.0,3,junction,10
1924,504.25,635.0,3,junction,22
1925,504.25,717.0,3,junction,27
1926,505.0,55.0,3,junction,21
1927,505.6,70.6,2,junction,20
1928,505.6666666666667,200.33333333333334,3,junction,12
1929,505.75,325.0,3,junction,9
1930,505.25,382.0,3,junction,9
1931,505.0,387.0,1,endpoint,11
1932,505.6666666666667,471.3333333333333,3,junction,17
1933,506.6666666666667,175.66666666666666,3,junction,14
1934,506.6666666666667,220.33333333333334,3,junction,12
1935,506.0,494.0,3,junction,17
1936,507.0,469.0,1,endpoint,18
1937,507.0,740.0,1,endpoint,29
1938,508.3333333333333,74.66666666666667,3,junction,19
1939,508.0,80.0,1,endpoint,20
1940,508.0,92.0,1,endpoint,18
1941,508.0,197.0,1,endpoint,13
1942,509.0,593.25,3,junction,19
1943,508.0,757.0,1,endpoint,30
1944,509.0,154.0,1,endpoint,16
1945,509.25,499.0,3,junction,18
1946,509.0,519.0,1,endpoint,20
1947,510.0,554.75,3,junction,19
1948,509.0,598.0,3,junction,20
1949,510.4,740.0,4,junction,28
1950,510.3333333333333,130.33333333333334,3,junction,14
1951,510.0,288.0,1,endpoint,11
1952,510.0,328.0,1,endpoint,10
1953,511.5,536.0,4,junction,18
1954,510.0,572.0,1,endpoint,22
1955,511.6,48.2,4,junction,22
1956,511.0,218.0,3,junction,11
1957,511.6666666666667,519.3333333333334,3,junction,19
1958,512.0,161.0,3,junction,15
1959,512.0,220.0,1,endpoint,12
1960,512.6666666666666,251.33333333333334,3,junction,10
1961,512.25,317.0,3,junction,8
1962,512.0,499.0,1,endpoint,19
1963,512.3333333333334,508.3333333333333,3,junction,18
1964,512.0,572.0,1,endpoint,19
1965,512.6666666666666,718.3333333333334,3,junction,26
1966,513.0,23.0,1,endpoint,24
1967,513.0,157.0,3,junction,15
1968,514.0,178.25,3,junction,13
1969,513.75,382.0,3,junction,8
1970,514.0,654.0,2,junction,23
1971,513.0,697.0,1,endpoint,26
1972,514.0,163.0,1,endpoint,16
1973,514.0,187.0,1,endpoint,14
1974,514.0,668.0,1,endpoint,26
1975,515.0,680.1428571428571,4,junction,25
1976,514.3333333333334,722.6666666666666,3,junction,27
1977,515.3333333333334,51.333333333333336,3,junction,22
1978,515.0,54.0,1,endpoint,23
1979,515.6666666666666,77.33333333333333,3,junction,18
1980,516.6666666666666,155.66666666666666,3,junction,14
1981,516.6666666666666,261.5,4,junction,9
1982,516.6666666666666,296.5,4,junction,10
1983,516.3333333333334,479.3333333333333,3,junction,16
1984,517.6666666666666,207.33333333333334,3,junction,11
1985,517.3333333333334,559.3333333333334,3,junction,18
1986,517.0,708.0,1,endpoint,26
1987,518.3333333333334,95.66666666666667,3,junction,17
1988,519.0,212.75,3,junction,10
1989,518.6666666666666,376.6666666666667,3,junction,7
1990,519.3333333333334,29.333333333333332,3,junction,23
1991,519.0,60.0,1,endpoint,22
1992,519.6666666666666,533.6666666666666,3,junction,17
1993,519.0,663.0,1,endpoint,23
1994,519.0,709.0,3,junction,25
1995,520.6666666666666,178.33333333333334,3,junction,12
1996,520.0,369.0,1,endpoint,7
1997,520.0,380.0,1,endpoint,8
1998,520.5,502.5,2,junction,17
1999,520.3333333333334,657.3333333333334,3,junction,22
2000,521.25,54.0,3,junction,21
2001,521.0,230.5,2,junction,10
2002,521.6666666666666,635.6666666666666,3,junction,21
2003,522.25,26.25,2,junction,24
2004,524.2222222222222,191.44444444444446,3,junction,11
2005,522.75,297.25,2,junction,11
2006,522.75,360.0,3,junction,6
2007,525.3636363636364,146.0,5,junction,13
2008,523.0,162.0,1,endpoint,15
2009,523.0,373.0,3,junction,6
2010,524.0,393.25,3,junction,9
2011,523.0,619.0,1,endpoint,20
2012,523.0,627.0,1,endpoint,22
2013,523.0,641.0,1,endpoint,21
2014,523.6666666666666,684.3333333333334,3,junction,25
2015,525.0,68.75,3,junction,19
2016,524.0,151.0,1,endpoint,14
2017,524.0,471.0,1,endpoint,16
2018,524.25,613.0,3,junction,19
2019,524.0,638.0,3,junction,20
2020,524.3333333333334,687.6666666666666,3,junction,24
2021,524.0,693.0,1,endpoint,25
2022,525.0,114.0,1,endpoint,16
2023,525.6666666666666,577.6666666666666,3,junction,18
2024,525.0,735.0,1,endpoint,29
2025,525.6666666666666,742.6666666666666,3,junction,28
2026,526.0,566.0,1,endpoint,19
2027,527.3333333333334,364.6666666666667,3,junction,5
2028,527.3333333333334,474.3333333333333,4,junction,15
2029,527.3333333333334,727.3333333333334,4,junction,28
2030,527.0,746.0,1,endpoint,29
2031,529.7142857142857,59.142857142857146,4,junction,20
2032,528.0,68.0,1,endpoint,20
2033,529.0,223.6,4,junction,9
2034,528.75,277.0,3,junction,9
2035,528.0,307.0,1,endpoint,12
2036,528.0,467.0,1,endpoint,15
2037,528.0,719.0,1,endpoint,28
2038,529.75,28.25,2,junction,23
2039,529.0,568.0,3,junction,18
2040,529.0,730.0,1,endpoint,29
2041,531.5714285714286,290.2857142857143,3,junction,10
2042,531.0,408.75,3,junction,9
2043,530.0,444.0,1,endpoint,11
2044,530.0,479.0,1,endpoint,16
2045,531.3333333333334,470.3333333333333,3,junction,14
2046,531.8,658.0,4,junction,21
2047,532.0,722.75,3,junction,27
2048,533.0,245.75,3,junction,8
2049,532.0,426.0,1,endpoint,10
2050,532.3333333333334,509.3333333333333,3,junction,16
2051,532.0,563.0,3,junction,17
2052,532.6666666666666,637.3333333333334,3,junction,19
2053,532.75,704.0,3,junction,24
2054,533.3333333333334,32.333333333333336,3,junction,22
2055,533.6666666666666,117.33333333333333,3,junction,15
2056,533.0,131.0,3,junction,14
2057,533.3333333333334,195.33333333333334,3,junction,10
2058,533.0,681.0,1,endpoint,26
2059,534.0,64.0,3,junction,20
2060,534.75,205.25,2,junction,10
2061,534.3333333333334,216.66666666666666,3,junction,9
2062,535.4285714285714,425.7142857142857,3,junction,9
2063,534.0,554.0,1,endpoint,17
2064,535.0,692.25,3,junction,23
2065,535.0,300.0,1,endpoint,10
2066,535.0,439.0,3,junction,10
2067,535.6666666666666,468.6666666666667,3,junction,13
2068,535.0,675.0,1,endpoint,22
2069,536.0,33.0,1,endpoint,23
2070,536.25,49.0,3,junction,21
2071,536.75,103.0,3,junction,17
2072,536.3333333333334,113.66666666666667,3,junction,16
2073,537.6,261.2,2,junction,8
2074,536.0,603.0,1,endpoint,18
2075,536.0,646.0,3,junction,20
2076,537.6666666666666,164.33333333333334,3,junction,12
2077,537.6666666666666,169.66666666666666,3,junction,11
2078,538.0,298.75,3,junction,9
2079,538.0,339.75,3,junction,7
2080,538.0,63.0,1,endpoint,21
2081,538.3333333333334,98.66666666666667,3,junction,18
2082,538.0,472.0,1,endpoint,14
2083,538.3333333333334,555.3333333333334,3,junction,16
2084,538.0,592.0,3,junction,17
2085,539.25,623.0,3,junction,18
2086,540.0,59.0,1,endpoint,22
2087,540.3333333333334,88.33333333333333,3,junction,19
2088,540.0,134.0,1,endpoint,15
2089,541.0,408.8,3,junction,8
2090,541.0,712.0,2,junction,25
2091,541.0,325.0,1,endpoint,9
2092,541.0,384.0,1,endpoint,10
2093,541.8,507.4,2,junction,15
2094,541.0,541.0,1,endpoint,17
2095,541.0,720.0,3,junction,26
2096,543.0,100.0,1,endpoint,19
2097,545.0,180.25,3,junction,10
2098,544.6666666666666,186.66666666666666,3,junction,9
2099,544.25,254.0,3,junction,7
2100,544.0,456.0,1,endpoint,12
2101,544.3333333333334,535.3333333333334,3,junction,16
2102,544.0,643.0,1,endpoint,21
2103,545.6666666666666,462.6666666666667,3,junction,12
2104,545.0,489.0,1,endpoint,15
2105,545.3333333333334,503.6666666666667,3,junction,14
2106,546.75,45.75,2,junction,22
2107,546.0,130.0,1,endpoint,17
2108,546.6666666666666,675.6666666666666,3,junction,22
2109,546.6,727.0,2,junction,27
2110,547.3333333333334,458.3333333333333,3,junction,11
2111,547.0,490.0,3,junction,14
2112,549.0,41.6,2,junction,23
2113,549.0,118.25,3,junction,17
2114,548.0,129.0,3,junction,16
2115,548.6666666666666,659.3333333333334,3,junction,21
2116,549.0,357.0,1,endpoint,9
2117,549.25,477.0,3,junction,13
2118,551.0,131.25,3,junction,15
2119,550.25,537.25,4,junction,15
2120,552.0,84.75,3,junction,20
2121,551.3333333333334,321.6666666666667,3,junction,8
2122,552.4,648.0,2,junction,19
2123,552.0,100.0,1,endpoint,19
2124,552.0,656.0,3,junction,20
2125,553.6666666666666,64.33333333333333,3,junction,21
2126,553.6666666666666,150.66666666666666,3,junction,13
2127,553.8,359.6,2,junction,8
2128,553.0,526.0,1,endpoint,15
2129,554.4,635.0,2,junction,18
2130,554.75,101.0,3,junction,18
2131,554.0,128.0,1,endpoint,16
2132,554.3333333333334,451.3333333333333,3,junction,10
2133,555.75,44.0,3,junction,24
2134,555.6666666666666,528.3333333333334,3,junction,14
2135,555.75,590.0,3,junction,16
2136,555.75,622.0,3,junction,17
2137,556.0,175.0,3,junction,11
2138,556.0,343.0,1,endpoint,8
2139,557.3333333333334,114.66666666666667,3,junction,17
2140,557.75,476.25,2,junction,12
2141,559.0,50.25,3,junction,23
2142,558.0,140.0,3,junction,14
2143,558.75,218.25,4,junction,8
2144,558.0,394.0,1,endpoint,8
2145,559.3333333333334,56.666666666666664,3,junction,22
2146,559.3333333333334,89.33333333333333,3,junction,19
2147,559.0,187.0,1,endpoint,12
2148,560.0,357.75,3,junction,7
2149,560.0,163.0,3,junction,12
2150,561.0,402.75,3,junction,7
2151,560.6666666666666,681.6666666666666,3,junction,22
2152,561.3333333333334,181.33333333333334,3,junction,11
2153,562.0,338.75,3,junction,7
2154,562.0,39.0,1,endpoint,25
2155,563.0,58.25,3,junction,23
2156,562.0,89.0,3,junction,19
2157,563.0,61.0,1,endpoint,24
2158,564.0,115.25,3,junction,16
2159,564.0,214.5,3,junction,9
2160,563.0,673.0,1,endpoint,23
2161,564.0,69.0,1,endpoint,21
2162,564.0,642.0,1,endpoint,18
2163,565.0,662.0,1,endpoint,21
2164,566.0,686.25,3,junction,21
2165,565.0,725.0,1,endpoint,24
2166,566.6666666666666,446.6666666666667,3,junction,9
2167,566.0,506.0,3,junction,13
2168,566.0,510.0,3,junction,13
2169,566.0,595.0,1,endpoint,17
2170,566.3333333333334,659.6666666666666,3,junction,20
2171,567.0,47.0,3,junction,22
2172,567.0,59.0,1,endpoint,24
2173,568.0,136.5,4,junction,15
2174,567.0,141.0,1,endpoint,16
2175,567.75,360.0,3,junction,6
2176,568.0,44.0,1,endpoint,23
2177,568.75,96.0,3,junction,18
2178,568.0,217.0,1,endpoint,10
2179,568.0,354.0,1,endpoint,7
2180,569.0,75.0,3,junction,20
2181,570.0,247.25,3,junction,7
2182,570.0,703.25,3,junction,22
2183,571.0,260.75,3,junction,6
2184,570.6666666666666,443.6666666666667,3,junction,8
2185,570.0,706.0,3,junction,23
2186,572.0,160.75,3,junction,13
2187,571.0,326.0,1,endpoint,4
2188,573.0,108.75,3,junction,17
2189,572.0,158.0,1,endpoint,14
2190,572.0,437.0,1,endpoint,8
2191,574.6666666666666,187.33333333333334,3,junction,10
2192,574.0,439.0,3,junction,7
2193,574.0,448.0,1,endpoint,9
2194,574.0,579.0,1,endpoint,17
2195,574.0,711.0,1,endpoint,24
2196,576.0,70.75,3,junction,20
2197,575.6666666666666,352.3333333333333,3,junction,6
2198,575.0,421.0,1,endpoint,7
2199,575.0,484.0,1,endpoint,13
2200,577.0,52.0,4,junction,21
2201,577.0,48.0,1,endpoint,22
2202,577.0,222.0,1,endpoint,9
2203,577.6666666666666,484.3333333333333,3,junction,12
2204,577.3333333333334,670.3333333333334,3,junction,19
2205,577.0,676.0,3,junction,20
2206,578.75,110.0,3,junction,16
2207,579.0,348.0,2,junction,7
2208,579.0,587.3333333333334,4,junction,16
2209,579.3333333333334,280.3333333333333,3,junction,5
2210,579.3333333333334,406.3333333333333,3,junction,6
2211,580.5,481.0,4,junction,11
2212,579.0,593.0,1,endpoint,17
2213,579.3333333333334,679.3333333333334,3,junction,21
2214,580.75,133.0,3,junction,14
2215,581.0,59.0,1,endpoint,22
2216,581.3333333333334,121.66666666666667,3,junction,15
2217,581.75,161.0,3,junction,12
2218,581.3333333333334,176.66666666666666,3,junction,11
2219,583.0,72.0,3,junction,19
2220,583.0,547.0,1,endpoint,13
2221,583.0,576.0,1,endpoint,16
2222,583.0,679.0,1,endpoint,22
2223,583.0,687.0,3,junction,21
2224,584.0,347.0,1,endpoint,8
2225,584.0,478.0,3,junction,11
2226,585.3333333333334,227.33333333333334,3,junction,8
2227,586.0,658.75,3,junction,18
2228,587.625,152.75,4,junction,13
2229,587.0,481.0,1,endpoint,12
2230,587.3333333333334,534.3333333333334,3,junction,12
2231,588.3333333333334,583.6666666666666,3,junction,15
2232,589.6666666666666,120.33333333333333,3,junction,16
2233,590.4,251.2,2,junction,8
2234,589.0,309.0,3,junction,4
2235,589.6666666666666,324.6666666666667,3,junction,3
2236,590.8888888888889,685.3333333333334,3,junction,20
2237,590.0,72.0,3,junction,19
2238,590.0,271.0,3,junction,6
2239,591.4,372.0,4,junction,5
2240,590.3333333333334,468.3333333333333,3,junction,10
2241,590.6666666666666,641.3333333333334,3,junction,17
2242,591.0,559.0,1,endpoint,14
2243,592.0,184.0,1,endpoint,13
2244,592.6666666666666,583.6666666666666,3,junction,14
2245,593.0,95.0,3,junction,17
2246,593.0,158.0,1,endpoint,14
2247,593.25,181.0,3,junction,12
2248,593.3333333333334,255.33333333333334,3,junction,7
2249,593.0,272.0,1,endpoint,7
2250,594.6666666666666,218.66666666666666,3,junction,9
2251,594.6666666666666,380.6666666666667,3,junction,4
2252,594.25,680.0,3,junction,19
2253,595.75,70.0,3,junction,20
2254,595.0,576.0,3,junction,13
2255,595.3333333333334,663.3333333333334,3,junction,19
2256,596.0,87.0,3,junction,18
2257,596.5,231.5,2,junction,9
2258,596.0,443.0,1,endpoint,11
2259,596.3333333333334,587.3333333333334,3,junction,15
2260,597.0,108.0,1,endpoint,19
2261,598.625,112.5,3,junction,17
2262,597.0,686.0,1,endpoint,21
2263,598.6666666666666,180.66666666666666,3,junction,12
2264,599.5,305.0,4,junction,5
2265,598.0,631.0,3,junction,16
2266,599.75,108.0,3,junction,18
2267,600.0,230.75,3,junction,10
2268,599.0,311.0,1,endpoint,6
2269,599.75,531.0,3,junction,11
2270,599.25,563.0,3,junction,12
2271,600.0,66.0,1,endpoint,21
2272,600.0,73.0,1,endpoint,21
2273,601.0,440.4,2,junction,10
2274,601.0,103.0,3,junction,18
2275,601.75,149.0,3,junction,14
2276,602.5714285714286,248.57142857142858,3,junction,8
2277,601.0,668.0,1,endpoint,20
2278,602.0,177.0,1,endpoint,13
2279,602.0,589.0,1,endpoint,16
2280,603.0,297.0,1,endpoint,6
2281,604.0,497.25,3,junction,10
2282,604.0,85.0,3,junction,19
2283,604.25,138.0,3,junction,15
2284,604.6666666666666,636.3333333333334,3,junction,17
2285,605.0,654.0,1,endpoint,18
2286,606.0,673.4,2,junction,18
2287,607.5714285714286,235.85714285714286,4,junction,9
2288,606.0,257.0,1,endpoint,9
2289,607.0,62.0,1,endpoint,21
2290,607.0,469.0,1,endpoint,10
2291,608.0,644.75,3,junction,17
2292,608.3333333333334,75.33333333333333,3,junction,20
2293,608.75,205.0,3,junction,10
2294,610.5714285714286,116.0,4,junction,17
2295,609.0,369.0,1,endpoint,6
2296,609.0,635.0,1,endpoint,18
2297,610.0,135.0,3,junction,16
2298,610.0,226.0,1,endpoint,10
2299,610.0,285.0,1,endpoint,7
2300,610.6666666666666,471.3333333333333,3,junction,9
2301,610.3333333333334,667.6666666666666,3,junction,17
2302,611.0,197.0,3,junction,11
2303,611.3333333333334,444.3333333333333,3,junction,9
2304,613.0,236.75,3,junction,10
2305,613.0,233.0,1,endpoint,11
2306,616.0,94.875,5,junction,18
2307,614.75,294.0,3,junction,6
2308,615.0,117.0,1,endpoint,18
2309,615.6666666666666,306.6666666666667,3,junction,5
2310,616.0,648.25,3,junction,16
2311,616.0,166.0,1,endpoint,15
2312,616.3333333333334,280.6666666666667,3,junction,7
2313,618.6666666666666,667.3333333333334,3,junction,18
2314,619.3333333333334,265.6666666666667,3,junction,8
2315,619.6666666666666,313.3333333333333,3,junction,4
2316,620.25,332.0,2,junction,3
2317,619.0,670.0,1,endpoint,19
2318,621.3333333333334,82.33333333333333,3,junction,19
2319,621.0,193.0,3,junction,12
2320,621.75,238.0,3,junction,10
2321,621.0,281.0,1,endpoint,8
2322,622.75,137.0,3,junction,16
2323,623.25,243.0,3,junction,9
2324,624.3333333333334,142.66666666666666,3,junction,15
2325,624.6666666666666,311.6666666666667,3,junction,5
2326,625.3333333333334,336.3333333333333,3,junction,2
2327,625.6666666666666,645.6666666666666,3,junction,15
2328,625.0,664.0,3,junction,17
2329,626.0,82.0,1,endpoint,20
2330,626.3333333333334,182.66666666666666,3,junction,13
2331,627.6666666666666,212.5,4,junction,11
2332,627.6666666666666,168.33333333333334,3,junction,14
2333,627.6666666666666,438.3333333333333,3,junction,8
2334,627.0,666.0,1,endpoint,18
2335,628.0,268.0,1,endpoint,9
2336,628.0,421.0,3,junction,6
2337,629.75,94.0,3,junction,19
2338,629.3333333333334,221.66666666666666,3,junction,11
2339,629.8,263.4,2,junction,9
2340,629.3333333333334,590.6666666666666,3,junction,13
2341,630.5,127.5,2,junction,17
2342,630.75,270.25,2,junction,8
2343,630.0,295.0,1,endpoint,7
2344,630.0,426.0,1,endpoint,7
2345,630.0,433.0,1,endpoint,8
2346,631.0,631.25,3,junction,14
2347,631.0,116.0,1,endpoint,19
2348,631.3333333333334,652.3333333333334,3,junction,16
2349,632.0,104.0,1,endpoint,20
2350,632.0,435.0,3,junction,7
2351,633.0,118.0,3,junction,18
2352,633.25,415.0,3,junction,5
2353,633.75,594.0,3,junction,14
2354,634.3333333333334,154.33333333333334,3,junction,15
2355,634.6666666666666,295.3333333333333,3,junction,6
2356,636.0,92.0,1,endpoint,20
2357,636.0,103.0,1,endpoint,21
2358,637.0,629.75,3,junction,15
2359,637.6666666666666,652.3333333333334,3,junction,17
2360,639.0,112.75,3,junction,19
2361,638.6666666666666,414.6666666666667,3,junction,4
2362,639.0,430.75,3,junction,6
2363,638.0,655.0,1,endpoint,18
2364,639.8,108.0,4,junction,20
2365,639.6666666666666,286.3333333333333,3,junction,7
2366,639.6666666666666,397.3333333333333,3,junction,3
2367,639.0,581.0,1,endpoint,15
2368,640.3333333333334,151.66666666666666,3,junction,16
2369,641.75,102.25,1,junction,21
2370,641.0,420.0,3,junction,5
2371,641.0,606.0,1,endpoint,18
2372,642.0,193.0,1,endpoint,14
2373,642.25,220.25,2,junction,12
2374,642.0,247.0,1,endpoint,11
2375,642.25,250.0,3,junction,10
2376,642.0,324.0,1,endpoint,3
2377,644.1428571428571,635.0,3,junction,16
2378,643.6666666666666,151.66666666666666,3,junction,17
2379,643.5,181.5,2,junction,14
2380,644.0,108.0,1,endpoint,21
2381,645.0,116.0,1,endpoint,20
2382,646.6,168.2,2,junction,15
2383,645.3333333333334,393.3333333333333,3,junction,2
2384,645.0,434.0,1,endpoint,7
2385,646.0,606.8,3,junction,17
2386,646.0,128.0,1,endpoint,18
2387,648.0,202.75,3,junction,12
2388,648.0,196.0,3,junction,13
2389,648.0,603.0,1,endpoint,18
2390,650.0,235.6,2,junction,10
2391,650.0,132.0,3,junction,17
2392,650.5,271.5,2,junction,8
2393,650.0,434.0,1,endpoint,6
2394,651.0,314.0,1,endpoint,6
2395,654.0,248.5,4,junction,9
2396,654.75,154.0,3,junction,16
2397,654.6666666666666,235.33333333333334,3,junction,10
2398,656.0,124.0,1,endpoint,18
2399,657.0,207.25,3,junction,12
2400,658.0,221.42857142857142,4,junction,11
2401,658.3333333333334,160.66666666666666,3,junction,15
2402,660.0,250.0,1,endpoint,10
2403,660.75,388.0,3,junction,1
2404,662.0,133.75,3,junction,17
2405,661.0,391.0,1,endpoint,0
2406,664.0,123.0,1,endpoint,18
2407,665.6,181.0,4,junction,14
2408,668.0,218.75,3,junction,12
2409,669.0,202.0,3,junction,13
2410,672.0,221.0,1,endpoint,13
2411,674.0,171.0,1,endpoint,15
